DisNo.,Historic,Classification Key,Disaster Group,Disaster Subgroup,Disaster Type,Disaster Subtype,External IDs,Event Name,ISO,Country,Subregion,Region,Location,Origin,Associated Types,OFDA/BHA Response,Appeal,Declaration,AID Contribution ('000 US$),Magnitude,Magnitude Scale,Latitude,Longitude,River Basin,Start Year,Start Month,Start Day,End Year,End Month,End Day,Total Deaths,No. Injured,No. Affected,No. Homeless,Total Affected,Reconstruction Costs ('000 US$),"Reconstruction Costs, Adjusted ('000 US$)",Insured Damage ('000 US$),"Insured Damage, Adjusted ('000 US$)",Total Damage ('000 US$),"Total Damage, Adjusted ('000 US$)",CPI,Admin Units,Entry Date,Last Update
2000-0023-BGD,No,nat-geo-ear-gro,Natural,Geophysical,Earthquake,Ground movement,USGS:usp0009khm,,BGD,Bangladesh,Southern Asia,Asia,"Maheshkhali area (Cox's Bazar district, Chittagong province)",,,No,No,No,,4.3,Richter,21.431,91.762,,2000,1,2,2000,1,2,,,1000,,1000,,,,,,,56.5142905592776,"[{""adm2_code"":5772,""adm2_name"":""Cox's Bazar""}]",2011-04-07,2023-09-25
2000-0051-IRN,No,nat-geo-ear-gro,Natural,Geophysical,Earthquake,Ground movement,USGS:usp0009mz6,,IRN,Iran (Islamic Republic of),Southern Asia,Asia,"Kashmar, Bardeskan districts (Khorasan)",,,No,No,No,,5.3,Richter,35.288,58.218,,2000,2,2,2000,2,2,1,15,1500,500,2015,,,,,,,56.5142905592776,"[{""adm2_code"":40901,""adm2_name"":""Bardeskan""},{""adm2_code"":40992,""adm2_name"":""Kashmar""}]",2014-03-07,2023-09-25
2000-0065-IRN,No,nat-geo-ear-gro,Natural,Geophysical,Earthquake,Ground movement,USGS:usp0009ne8,,IRN,Iran (Islamic Republic of),Southern Asia,Asia,"Mohammadieh, Sarhozak, Hajiabad areas (Kashmar district, Khorasan province)",,,No,No,No,,4.9,Richter,35.217,58.175,,2000,2,14,2000,2,14,,,1000,,1000,,,,,,,56.5142905592776,"[{""adm2_code"":40992,""adm2_name"":""Kashmar""}]",2003-07-01,2023-09-25
2001-0033-IND,No,nat-geo-ear-gro,Natural,Geophysical,Earthquake,Ground movement,USGS:usp000a8ds,,IND,India,Southern Asia,Asia,"Ahmadabad, Amreli, Anand, Banas Kantha, Bharuch, Bhavnagar, Dahdod, Gandhinagar, Jamnagar, Junagadh, Kachchh, Kheda, Mahesana, Navsari, Patan, Porbandar, Rajkot, Sabar Kantha, Surat, Surendranagar, Vadodara districts (Gurajat province)",,,Yes,No,No,118929,7.7,Richter,23.419,70.232,,2001,1,26,2001,1,26,20005,166812,4365000,1790000,6321812,,,100000,172083,2623000,4513739,58.1114743743821,"[{""adm2_code"":17635,""adm2_name"":""Ahmadabad""},{""adm2_code"":17636,""adm2_name"":""Amreli""},{""adm2_code"":17637,""adm2_name"":""Banas Kantha""},{""adm2_code"":17638,""adm2_name"":""Bharuch""},{""adm2_code"":17639,""adm2_name"":""Bhavnagar""},{""adm2_code"":17640,""adm2_name"":""Gandhinagar""},{""adm2_code"":17641,""adm2_name"":""Jamnagar""},{""adm2_code"":17642,""adm2_name"":""Junagadh""},{""adm2_code"":17643,""adm2_name"":""Kachchh""},{""adm2_code"":17644,""adm2_name"":""Kheda""},{""adm2_code"":17645,""adm2_name"":""Mahesana""},{""adm2_code"":17647,""adm2_name"":""Rajkot""},{""adm2_code"":17648,""adm2_name"":""Sabar Kantha""},{""adm2_code"":17649,""adm2_name"":""Surat""},{""adm2_code"":17650,""adm2_name"":""Surendranagar""},{""adm2_code"":17652,""adm2_name"":""Vadodara""},{""adm2_code"":70124,""adm2_name"":""Anand""},{""adm2_code"":70125,""adm2_name"":""Dahod""},{""adm2_code"":70127,""adm2_name"":""Navsari""},{""adm2_code"":70129,""adm2_name"":""Patan""},{""adm2_code"":70130,""adm2_name"":""Porbandar""}]",2014-04-04,2023-09-25
2001-0033-PAK,No,nat-geo-ear-gro,Natural,Geophysical,Earthquake,Ground movement,USGS:usp000a8ds,,PAK,Pakistan,Southern Asia,Asia,"Badin District, Tharparkar District, Mirpur Khas District districts (Sindh province)",,,Yes,No,No,215,7.7,Richter,23.419,70.232,,2001,1,26,2001,1,26,12,100,914192,,914292,,,,,500,860,58.1114743743821,"[{""adm2_code"":23681,""adm2_name"":""Badin District""},{""adm2_code"":40399,""adm2_name"":""Mirpur Khas District""},{""adm2_code"":40405,""adm2_name"":""Tharparkar District""}]",2014-04-04,2023-09-25
2001-0086-AFG,No,nat-geo-ear-gro,Natural,Geophysical,Earthquake,Ground movement,USGS:usp000aaae,,AFG,Afghanistan,Southern Asia,Asia,Fayzabad district (Badakhshan province),,,No,No,No,,6.2,Richter,36.424,70.881,,2001,2,25,2001,2,25,,,,,,,,,,,,58.1114743743821,"[{""adm2_code"":100007,""adm2_name"":""Fayzabad""}]",2003-07-01,2023-09-25
2001-0233-AFG,No,nat-geo-ear-gro,Natural,Geophysical,Earthquake,Ground movement,USGS:usp000afvt,,AFG,Afghanistan,Southern Asia,Asia,"Panjsher, Parwan, Kapisa provinces",,,No,No,No,,5,Richter,35.169,69.389,,2001,6,1,2001,6,1,4,20,,250,270,,,,,,,58.1114743743821,"[{""adm1_code"":286,""adm1_name"":""Kapisa""},{""adm1_code"":99879,""adm1_name"":""Panjsher""},{""adm1_code"":99880,""adm1_name"":""Parwan""}]",2004-03-23,2023-09-25
2001-0750-IRN,No,nat-geo-ear-gro,Natural,Geophysical,Earthquake,Ground movement,USGS:usp000aqec,,IRN,Iran (Islamic Republic of),Southern Asia,Asia,Birjand district (Khorasan province),,,No,No,No,,4.9,Richter,33.007,60.276,,2001,10,8,2001,10,8,,,1000,,1000,,,,,,,58.1114743743821,"[{""adm2_code"":40909,""adm2_name"":""Birjand""}]",2008-05-08,2023-09-25
2002-0107-IRN,No,nat-geo-ear-gro,Natural,Geophysical,Earthquake,Ground movement,USGS:usp000ayn7,,IRN,Iran (Islamic Republic of),Southern Asia,Asia,Dashty district (Bushehr province),,,No,No,No,,5.4,Richter,28.093,51.755,,2002,2,17,2002,2,17,1,30,750,,780,,,,,,,59.0331440786142,"[{""adm2_code"":40928,""adm2_name"":""Dashty""}]",2014-03-07,2023-09-25
2002-0122-AFG,No,nat-geo-ear-gro,Natural,Geophysical,Earthquake,Ground movement,USGS:usp000azhb,,AFG,Afghanistan,Southern Asia,Asia,"Hindu Kush montain (Wakhan district, Badakhshan province), Souchi Bala Payan, Yawan villages (Yawan district, Badakhshan province), Souch village (Jorm district, Badakhshan province), Jurm, Malang Ab villages (Baharak district, Badakhshan province), Rostaq district (Takhar province), Kabul district (Kabul province), Khuram Wa Sarbagh, Aybak districts (Samagan province)",,"Slide (land, mud, snow, rock)",No,No,No,,6.3,Richter,36.429,70.438,,2002,3,3,2002,3,3,150,13,3500,,3513,,,,,,,59.0331440786142,"[{""adm2_code"":3456,""adm2_name"":""Wakhan""},{""adm2_code"":99997,""adm2_name"":""Yawan""},{""adm2_code"":100013,""adm2_name"":""Baharak""},{""adm2_code"":100015,""adm2_name"":""Jorm""},{""adm2_code"":3585,""adm2_name"":""Kabul""},{""adm2_code"":3724,""adm2_name"":""Aybak""},{""adm2_code"":3727,""adm2_name"":""Khuram Wa Sarbagh""},{""adm2_code"":3743,""adm2_name"":""Rostaq""}]",2014-02-28,2023-09-25
2002-0122-PAK,No,nat-geo-ear-gro,Natural,Geophysical,Earthquake,Ground movement,USGS:usp000azhb,,PAK,Pakistan,Southern Asia,Asia,Bajaur Agency district (Federally Administered Tribal Areas province),,,No,No,No,,6.3,Richter,36.429,70.438,,2002,3,3,2002,3,3,3,,,,,,,,,,,59.0331440786142,"[{""adm2_code"":23631,""adm2_name"":""Bajaur Agency""}]",2014-02-28,2023-09-25
2002-0175-AFG,No,nat-geo-ear-gro,Natural,Geophysical,Earthquake,Ground movement,USGS:usp000b10y,,AFG,Afghanistan,Southern Asia,Asia,Nahrin district (Baghlan province),,"Slide (land, mud, snow, rock)",Yes,No,No,6538,6.1,Richter,36.062,69.315,,2002,3,25,2002,3,25,1000,1228,80000,10000,91228,,,,,,,59.0331440786142,"[{""adm2_code"":99984,""adm2_name"":""Nahrin""}]",2008-01-03,2023-09-25
2002-0208-AFG,No,nat-geo-ear-gro,Natural,Geophysical,Earthquake,Ground movement,USGS:usp000b283,,AFG,Afghanistan,Southern Asia,Asia,"Dawabi, Khojakeder villages (Nahrin district, Baghlan province)",,"Slide (land, mud, snow, rock)",No,No,No,,5.9,Richter,35.959,69.417,,2002,4,12,2002,4,12,50,150,6000,,6150,,,,,,,59.0331440786142,"[{""adm2_code"":99984,""adm2_name"":""Nahrin""}]",2003-09-03,2023-09-25
2002-0246-IRN,No,nat-geo-ear-gro,Natural,Geophysical,Earthquake,Ground movement,USGS:usp000b33c,,IRN,Iran (Islamic Republic of),Southern Asia,Asia,"Behabad village (Sonqor district, Kermanshah province) Dinvar village (Sahneh district, Kermanshah province)",,,No,No,No,,5.4,Richter,34.642,47.4,,2002,4,24,2002,4,24,2,56,20000,,20056,,,,,,,59.0331440786142,"[{""adm2_code"":41082,""adm2_name"":""Sahneh""},{""adm2_code"":41119,""adm2_name"":""Sonqor""}]",2014-03-07,2023-09-25
2002-0378-IRN,No,nat-geo-ear-gro,Natural,Geophysical,Earthquake,Ground movement,USGS:usp000b6pk,,IRN,Iran (Islamic Republic of),Southern Asia,Asia,"Ab Garm, Buin Zahra, Avaj villages (Bueinzahra district, Ghazvin province), Shirin Su area (Kabudarahang district, Hamedan province), Razan district (Hamedan province), Abhar, Khodabandeh districts (Zanjan province)",,,Yes,Yes,No,4244,6.5,Richter,35.626,49.047,,2002,6,22,2002,6,22,227,1300,110000,,111300,,,,,300000,508189,59.0331440786142,"[{""adm2_code"":40984,""adm2_name"":""Kabudarahang""},{""adm2_code"":41074,""adm2_name"":""Razan""},{""adm2_code"":40863,""adm2_name"":""Abhar""},{""adm2_code"":40998,""adm2_name"":""Khodabandeh""},{""adm2_code"":40915,""adm2_name"":""Bueinzahra""}]",2014-03-12,2023-09-25
2002-0584-IND,No,nat-geo-ear-gro,Natural,Geophysical,Earthquake,Ground movement,USGS:usp000bc65,,IND,India,Southern Asia,Asia,Andaman Islands district (Andaman and Nicobar province),,Tsunami/Tidal wave,No,No,No,,6.5,Richter,13.036,93.068,,2002,9,13,2002,9,13,2,,,200,200,,,,,,,59.0331440786142,"[{""adm2_code"":17545,""adm2_name"":""Andaman Islands""}]",2005-06-27,2023-09-25
2002-0692-PAK,No,nat-geo-ear-gro,Natural,Geophysical,Earthquake,Ground movement,USGS:usp000bfug,,PAK,Pakistan,Southern Asia,Asia,Administrative unit not available district (Jammu and Kashmir province),,"Slide (land, mud, snow, rock)",No,No,No,,5.4,Richter,35.517,74.654,,2002,11,2,2002,11,2,17,65,11000,4000,15065,,,,,,,59.0331440786142,"[{""adm2_code"":40418,""adm2_name"":""Administrative unit not available""}]",2003-09-02,2023-09-25
2002-0721-PAK,No,nat-geo-ear-gro,Natural,Geophysical,Earthquake,Ground movement,USGS:usp000bj2e,,PAK,Pakistan,Southern Asia,Asia,Administrative unit not available district (Jammu and Kashmir province),,"Slide (land, mud, snow, rock)",No,No,No,304,6.3,Richter,35.414,74.515,,2002,11,20,2002,11,20,19,40,140742,,140782,,,,,,,59.0331440786142,"[{""adm2_code"":40418,""adm2_name"":""Administrative unit not available""}]",2005-04-19,2023-09-25
2002-0804-IRN,No,nat-geo-ear-gro,Natural,Geophysical,Earthquake,Ground movement,USGS:usp000bmbe,,IRN,Iran (Islamic Republic of),Southern Asia,Asia,Kermanshah province,,,No,No,No,,5.2,Richter,34.594,47.454,,2002,12,24,2002,12,24,,15,15000,,15015,,,,,,,59.0331440786142,"[{""adm1_code"":1539,""adm1_name"":""Kermanshah""}]",2014-04-04,2023-09-25
2002-0821-IRN,No,nat-geo-ear-gro,Natural,Geophysical,Earthquake,Ground movement,USGS:usp000bd44,,IRN,Iran (Islamic Republic of),Southern Asia,Asia,Masjed-e soleiman district (Khuzestan province),,,No,No,No,,5.6,Richter,31.995,49.329,,2002,9,25,2002,9,25,,5,,,5,,,,,,,59.0331440786142,"[{""adm2_code"":41032,""adm2_name"":""Masjed-e soleiman""}]",2014-03-07,2023-09-25
2003-0068-IRN,No,nat-geo-ear-gro,Natural,Geophysical,Earthquake,Ground movement,USGS:usp000bndp,,IRN,Iran (Islamic Republic of),Southern Asia,Asia,"Nourabad area (Shiraz district, Fars province), Kazerun district (Fars province)",,,No,No,No,,5.2,Richter,29.59,51.474,,2003,1,11,2003,1,11,,80,6750,3250,10080,,,,,,,60.3732510662594,"[{""adm2_code"":40993,""adm2_name"":""Kazerun""},{""adm2_code"":41111,""adm2_name"":""Shiraz""}]",2014-03-07,2023-09-25
2003-0236-AFG,No,nat-geo-ear-gro,Natural,Geophysical,Earthquake,Ground movement,USGS:usp000buvh,,AFG,Afghanistan,Southern Asia,Asia,"Yaka Bagh area (Namakab district, Takhar province)",,"Slide (land, mud, snow, rock)",No,No,No,,4.6,Richter,35.893,70.62,,2003,4,10,2003,4,10,1,1,,1000,1001,,,,,,,60.3732510662594,"[{""adm2_code"":99990,""adm2_name"":""Namakab""}]",2014-02-28,2023-09-25
2003-0322-IRN,No,nat-geo-ear-gro,Natural,Geophysical,Earthquake,Ground movement,USGS:usp000c1jh,,IRN,Iran (Islamic Republic of),Southern Asia,Asia,Torbat-e jam district (Khorasan province),,,No,No,No,,5.2,Richter,35.476,60.784,,2003,7,3,2003,7,3,,1,1090,,1091,,,,,,,60.3732510662594,"[{""adm2_code"":41134,""adm2_name"":""Torbat-e jam""}]",2014-03-07,2023-09-25
2003-0438-IRN,No,nat-geo-ear-gro,Natural,Geophysical,Earthquake,Ground movement,USGS:usp000c251,,IRN,Iran (Islamic Republic of),Southern Asia,Asia,"Shahr e Pir, Deberan, Deh No, Darreh Shur, Darya, Zarrin-Dasht, Hajjiabad villages (Darab district, Fars province), Jahrom district (Fars province)",,,No,No,No,,5.8,Richter,28.355,54.169,,2003,7,10,2003,7,10,1,25,,17500,17525,,,,,21666,35887,60.3732510662594,"[{""adm2_code"":40924,""adm2_name"":""Darab""},{""adm2_code"":40977,""adm2_name"":""Jahrom""}]",2014-03-07,2023-09-25
2003-0452-BGD,No,nat-geo-ear-gro,Natural,Geophysical,Earthquake,Ground movement,USGS:usp000c3ex,,BGD,Bangladesh,Southern Asia,Asia,"Chittagong, Cox's Bazar, Rangamati districts (Chittagong province)",,"Slide (land, mud, snow, rock)",No,No,No,,5.7,Richter,22.854,92.306,,2003,7,26,2003,7,26,2,25,2500,,2525,,,,,,,60.3732510662594,"[{""adm2_code"":5770,""adm2_name"":""Chittagong""},{""adm2_code"":5772,""adm2_name"":""Cox's Bazar""},{""adm2_code"":5777,""adm2_name"":""Rangamati""}]",2004-01-14,2023-09-25
2003-0630-IRN,No,nat-geo-ear-gro,Natural,Geophysical,Earthquake,Ground movement,USGS:usp000cg2d,,IRN,Iran (Islamic Republic of),Southern Asia,Asia,Bam district (Kerman province),,,Yes,Yes,No,130852,6.6,Richter,28.995,58.311,,2003,12,26,2003,12,26,26796,22628,200000,45000,267628,,,,,500000,828181,60.3732510662594,"[{""adm2_code"":40893,""adm2_name"":""Bam""}]",2008-01-03,2023-09-25
2003-0649-IRN,No,nat-geo-ear-gro,Natural,Geophysical,Earthquake,Ground movement,USGS:usp000cf1c,,IRN,Iran (Islamic Republic of),Southern Asia,Asia,Masjed-e soleiman district (Khuzestan province),,,No,No,No,,5,Richter,31.953,49.209,,2003,12,11,2003,12,11,,5,710,10,725,,,,,,,60.3732510662594,"[{""adm2_code"":41032,""adm2_name"":""Masjed-e soleiman""}]",2014-03-07,2023-09-25
2004-0054-PAK,No,nat-geo-ear-gro,Natural,Geophysical,Earthquake,Ground movement,USGS:usp000cm59,,PAK,Pakistan,Southern Asia,Asia,"Bisham Tehsil area (Shangla District district, North-West Frontier province), Batagram District, Mansehra District, Kohistan District districts (North-West Frontier province)",,"Slide (land, mud, snow, rock)",Yes,No,No,90,5.5,Richter,34.774,73.216,,2004,2,14,2004,2,14,24,63,10765,2320,13148,,,,,,,61.9895859343217,"[{""adm2_code"":40331,""adm2_name"":""Batagram District""},{""adm2_code"":40340,""adm2_name"":""Kohistan District""},{""adm2_code"":40344,""adm2_name"":""Mansehra District""},{""adm2_code"":40348,""adm2_name"":""Shangla District""}]",2005-11-30,2023-09-25
2004-0234-IRN,No,nat-geo-ear-gro,Natural,Geophysical,Earthquake,Ground movement,USGS:usp000cwf9,,IRN,Iran (Islamic Republic of),Southern Asia,Asia,"Nour, Baladeh cities (Nur district, Mazandaran province), Alamout area (Qasr-e shirin district, Ghazvin province), Taleghan area (Savojbolagh district, Tehran province), Chalus, Noshahr districts (Mazandaran province)",,"Slide (land, mud, snow, rock)",No,No,No,,6.3,Richter,36.29,51.61,,2004,5,28,2004,5,28,35,278,220,,498,,,59000,95177,165000,266174,61.9895859343217,"[{""adm2_code"":40919,""adm2_name"":""Chalus""},{""adm2_code"":41054,""adm2_name"":""Noshahr""},{""adm2_code"":41055,""adm2_name"":""Nur""},{""adm2_code"":41096,""adm2_name"":""Savojbolagh""},{""adm2_code"":41065,""adm2_name"":""Qasr-e shirin""}]",2014-03-07,2023-09-25
2004-0436-AFG,No,nat-geo-ear-gro,Natural,Geophysical,Earthquake,Ground movement,USGS:usp000d0du,,AFG,Afghanistan,Southern Asia,Asia,Paktya province,,,No,No,No,,5.2,Richter,33.426,69.524,,2004,7,18,2004,7,18,2,40,,1000,1040,,,,,,,61.9895859343217,"[{""adm1_code"":296,""adm1_name"":""Paktya""}]",2004-08-24,2023-09-25
2004-0659-BGD,No,nat-geo-ear-tsu,Natural,Geophysical,Earthquake,Tsunami,,,BGD,Bangladesh,Southern Asia,Asia,"Barisal, Chittagong, Khulna provinces",,,No,No,No,,9.1,Richter,3.295,95.982,,2004,12,26,2004,12,26,2,,,,,,,,,500000,806587,61.9895859343217,"[{""adm1_code"":575,""adm1_name"":""Barisal""},{""adm1_code"":576,""adm1_name"":""Chittagong""},{""adm1_code"":578,""adm1_name"":""Khulna""}]",2014-03-27,2023-09-25
2004-0659-IND,No,nat-geo-ear-tsu,Natural,Geophysical,Earthquake,Tsunami,,,IND,India,Southern Asia,Asia,"Kancheepuram, Villupuram, Nagapattinam, Thoothukudi, Tirunelveli Kattabo, Kanniyakumari, Chennai, Thiruvallur, Cuddalore, Pudukkottai, Ramanathapuram, Sivaganga, Thanjavur districts (Tamil Nadu province), Vishakhapatnam, East Godavari, West Godavari, Krishna, Guntur, Prakasam, Nellore districts (Andhra Pradesh province), Kollam, Alappuzha, Ernakulam districts (Kerala province), Puducherry, Karaikal district (Puducherry province), Andaman and Nicobar province",Earthquake,,Yes,No,No,,9.1,Richter,3.295,95.982,,2004,12,26,2004,12,26,16389,6913,647599,,654512,,,5000,8066,1022800,1649955,61.9895859343217,"[{""adm1_code"":1484,""adm1_name"":""Andaman and Nicobar""},{""adm2_code"":17551,""adm2_name"":""East Godavari""},{""adm2_code"":17552,""adm2_name"":""Guntur""},{""adm2_code"":17556,""adm2_name"":""Krishna""},{""adm2_code"":17561,""adm2_name"":""Nellore""},{""adm2_code"":17563,""adm2_name"":""Prakasam""},{""adm2_code"":17566,""adm2_name"":""Vishakhapatnam""},{""adm2_code"":17569,""adm2_name"":""West Godavari""},{""adm2_code"":17699,""adm2_name"":""Ernakulam""},{""adm2_code"":17707,""adm2_name"":""Kollam""},{""adm2_code"":70298,""adm2_name"":""Alappuzha""},{""adm2_code"":17866,""adm2_name"":""Thoothukudi""},{""adm2_code"":17870,""adm2_name"":""Kanniyakumari""},{""adm2_code"":17876,""adm2_name"":""Pudukkottai""},{""adm2_code"":17878,""adm2_name"":""Ramanathapuram""},{""adm2_code"":17881,""adm2_name"":""Thanjavur""},{""adm2_code"":17882,""adm2_name"":""Sivaganga""},{""adm2_code"":17884,""adm2_name"":""Tirunelveli Kattabo""},{""adm2_code"":70242,""adm2_name"":""Chennai""},{""adm2_code"":70243,""adm2_name"":""Cuddalore""},{""adm2_code"":70244,""adm2_name"":""Kancheepuram""},{""adm2_code"":70247,""adm2_name"":""Nagapattinam""},{""adm2_code"":70251,""adm2_name"":""Thiruvallur""},{""adm2_code"":70255,""adm2_name"":""Villupuram""},{""adm2_code"":70226,""adm2_name"":""Karaikal""},{""adm2_code"":70228,""adm2_name"":""Puducherry""}]",2014-03-27,2023-09-25
2004-0659-LKA,No,nat-geo-ear-tsu,Natural,Geophysical,Earthquake,Tsunami,,,LKA,Sri Lanka,Southern Asia,Asia,"Jaffna, Kilinochchi, Mullativu, Trincomalee, Batticaloa, Ampara, Hambantota, Matara, Galle, Kalutara, Colombo, Gampaha, Puttalam, Vavuniya districts",,,Yes,No,No,,9.1,Richter,3.295,95.982,,2004,12,26,2004,12,26,35399,23176,516130,480000,1019306,,,,,1316500,2123744,61.9895859343217,"[{""adm2_code"":25832,""adm2_name"":""Ampara""},{""adm2_code"":25833,""adm2_name"":""Batticaloa""},{""adm2_code"":25834,""adm2_name"":""Trincomalee""},{""adm2_code"":25838,""adm2_name"":""Puttalam""},{""adm2_code"":25839,""adm2_name"":""Jaffna""},{""adm2_code"":25840,""adm2_name"":""Kilinochchi""},{""adm2_code"":25842,""adm2_name"":""Mullattivu""},{""adm2_code"":25843,""adm2_name"":""Vavuniya""},{""adm2_code"":25846,""adm2_name"":""Galle""},{""adm2_code"":25847,""adm2_name"":""Hambantota""},{""adm2_code"":25848,""adm2_name"":""Matara""},{""adm2_code"":25851,""adm2_name"":""Colombo""},{""adm2_code"":25852,""adm2_name"":""Gampaha""},{""adm2_code"":25853,""adm2_name"":""Kalutara""}]",2014-03-27,2023-09-25
2004-0659-MDV,No,nat-geo-ear-tsu,Natural,Geophysical,Earthquake,Tsunami,,,MDV,Maldives,Southern Asia,Asia,"Alifu Alifu, Alifu Dhaalu, Baa, Faafu, Gaafu Alifu, Gaafu Dhaalu, Haa Alifu, Haa Dhaalu, Kaafu, Laamu, Lhaviyani, Male', Meemu, Noonu, Raa, Seenu, Shaviyani, Thaa, Vaavu provinces",,Tsunami/Tidal wave,Yes,No,Yes,,9.1,Richter,3.295,95.982,,2004,12,26,2004,12,26,102,2214,12000,13000,27214,,,,,470100,758353,61.9895859343217,"[{""adm1_code"":1905,""adm1_name"":""Alifu Alifu""},{""adm1_code"":1906,""adm1_name"":""Alifu Dhaalu""},{""adm1_code"":1907,""adm1_name"":""Baa""},{""adm1_code"":1908,""adm1_name"":""Dhaalu""},{""adm1_code"":1909,""adm1_name"":""Faafu""},{""adm1_code"":1910,""adm1_name"":""Gaafu Alifu""},{""adm1_code"":1911,""adm1_name"":""Gaafu Dhaalu""},{""adm1_code"":1913,""adm1_name"":""Haa Alifu""},{""adm1_code"":1914,""adm1_name"":""Haa Dhaalu""},{""adm1_code"":1915,""adm1_name"":""Kaafu""},{""adm1_code"":1916,""adm1_name"":""Laamu""},{""adm1_code"":1917,""adm1_name"":""Lhaviyani""},{""adm1_code"":1918,""adm1_name"":""Male'""},{""adm1_code"":1919,""adm1_name"":""Meemu""},{""adm1_code"":1920,""adm1_name"":""Noonu""},{""adm1_code"":1921,""adm1_name"":""Raa""},{""adm1_code"":1922,""adm1_name"":""Seenu""},{""adm1_code"":1923,""adm1_name"":""Shaviyani""},{""adm1_code"":1924,""adm1_name"":""Thaa""},{""adm1_code"":1925,""adm1_name"":""Vaavu""}]",2014-03-27,2023-09-25
2005-0016-IRN,No,nat-geo-ear-gro,Natural,Geophysical,Earthquake,Ground movement,USGS:usp000dd01,,IRN,Iran (Islamic Republic of),Southern Asia,Asia,"Agh Ghala area (Gorgan district, Golestan province)",,,No,No,No,,5.4,Richter,37.103,54.574,,2005,1,10,2005,1,10,,110,,,110,,,,,,,64.0927402574269,"[{""adm2_code"":40969,""adm2_name"":""Gorgan""}]",2014-03-07,2023-09-25
2005-0092-IRN,No,nat-geo-ear-gro,Natural,Geophysical,Earthquake,Ground movement,USGS:usp000dgpx,,IRN,Iran (Islamic Republic of),Southern Asia,Asia,"Rooein Abad, Akbar, Asghar, Dehaafkan, Behabad, Sardkooyeh, Fathabad, Motaharabad, Eslam Abad, Arjomandieh, Baharestan villages (Zarand district, Kerman province)",,,No,No,No,1785,6.4,Richter,30.754,56.816,,2005,2,22,2005,2,22,612,1411,93355,,94766,,,,,80000,124819,64.0927402574269,"[{""adm2_code"":41141,""adm2_name"":""Zarand""}]",2005-07-28,2023-09-25
2005-0575-AFG,No,nat-geo-ear-gro,Natural,Geophysical,Earthquake,Ground movement,USGS:usp000e12e,,AFG,Afghanistan,Southern Asia,Asia,Jalalabad district (Nangarhar province),,,No,No,No,,7.6,Richter,34.539,73.588,,2005,10,8,2005,10,8,1,,,,,,,,,50,78,64.0927402574269,"[{""adm2_code"":99913,""adm2_name"":""Jalalabad""}]",2014-03-26,2023-09-25
2005-0575-IND,No,nat-geo-ear-gro,Natural,Geophysical,Earthquake,Ground movement,USGS:usp000e12e,,IND,India,Southern Asia,Asia,Administrative unit not available districts (Jammu and Kashmir province),,Fire,Yes,No,No,,7.6,Richter,34.539,73.588,,2005,10,8,2005,10,8,1309,6622,,150000,156622,,,,,1000000,1560239,64.0927402574269,"[{""adm2_code"":40410,""adm2_name"":""Administrative unit not available""},{""adm2_code"":40414,""adm2_name"":""Administrative unit not available""},{""adm2_code"":72802,""adm2_name"":""Administrative unit not available""},{""adm2_code"":72789,""adm2_name"":""Administrative unit not available""},{""adm2_code"":72810,""adm2_name"":""Administrative unit not available""}]",2014-03-26,2023-09-25
2005-0575-PAK,No,nat-geo-ear-gro,Natural,Geophysical,Earthquake,Ground movement,USGS:usp000e12e,,PAK,Pakistan,Southern Asia,Asia,"Bisham Tehsil, Chakisar Tehsil areas (Shangla District district, North-West Frontier province), Palas Sub-Division area (Kohistan District district, North-West Frontier province), Abbottabad District, Mansehra District, Batagram District districts (North-West Frontier province), Gujranwala District, Gujrat District, Rawalpindi District districts (Punjab province), Islamabad District district (Islamabad province),",,,Yes,No,No,,7.6,Richter,34.539,73.588,,2005,10,8,2005,10,8,73338,128309,,5000000,5128309,5200000,8113243,,,5200000,8113243,64.0927402574269,"[{""adm2_code"":23638,""adm2_name"":""Islamabad District""},{""adm2_code"":40329,""adm2_name"":""Abbottabad District""},{""adm2_code"":40331,""adm2_name"":""Batagram District""},{""adm2_code"":40340,""adm2_name"":""Kohistan District""},{""adm2_code"":40344,""adm2_name"":""Mansehra District""},{""adm2_code"":40348,""adm2_name"":""Shangla District""},{""adm2_code"":23674,""adm2_name"":""Rawalpindi District""},{""adm2_code"":40360,""adm2_name"":""Gujranwala District""},{""adm2_code"":40361,""adm2_name"":""Gujrat District""}]",2014-03-11,2023-09-25
2005-0654-IRN,No,nat-geo-ear-gro,Natural,Geophysical,Earthquake,Ground movement,USGS:usp000e501,,IRN,Iran (Islamic Republic of),Southern Asia,Asia,"Ghurzin, Kosheh, Viranagh, Tourian, Tonban, Ramkan, Gharbdan, Karavan, Khaledin, Giahdan villages (Geshm district, Hormozgan province)",,,No,No,No,,5.9,Richter,26.774,55.858,,2005,11,27,2005,11,27,13,100,,,100,,,,,,,64.0927402574269,"[{""adm2_code"":40963,""adm2_name"":""Geshm""}]",2006-03-03,2023-09-25
2005-0686-AFG,No,nat-geo-ear-gro,Natural,Geophysical,Earthquake,Ground movement,USGS:usp000e61s,,AFG,Afghanistan,Southern Asia,Asia,"Alishang district (Laghman province), Jalalabad district (Nangarhar province), Badakhsan province",,,No,No,No,,6.5,Richter,36.357,71.093,,2005,12,13,2005,12,13,5,1,500,,501,,,,,,,64.0927402574269,"[{""adm1_code"":272,""adm1_name"":""Badakhshan""},{""adm2_code"":3645,""adm2_name"":""Alishang""},{""adm2_code"":99913,""adm2_name"":""Jalalabad""}]",2014-02-28,2023-09-25
2005-0738-IRN,No,nat-geo-ear-gro,Natural,Geophysical,Earthquake,Ground movement,USGS:usp000dj38,,IRN,Iran (Islamic Republic of),Southern Asia,Asia,Saravan district (Sistan-o baluchestan province),,,No,No,No,,6,Richter,27.095,61.887,,2005,3,13,2005,3,13,,,21912,,21912,,,,,,,64.0927402574269,"[{""adm2_code"":41090,""adm2_name"":""Saravan""}]",2006-01-18,2023-09-25
2006-0123-IRN,No,nat-geo-ear-gro,Natural,Geophysical,Earthquake,Ground movement,USGS:usp000eb19,,IRN,Iran (Islamic Republic of),Southern Asia,Asia,"Faryab village (Kahnug district, Kerman province), Baft, Jiroft districts (Kerman province)",,,No,No,No,,6,Richter,28.12,56.865,,2006,2,28,2006,2,28,,6,7000,,7006,,,,,,,66.1603305617979,"[{""adm2_code"":40890,""adm2_name"":""Baft""},{""adm2_code"":40981,""adm2_name"":""Jiroft""},{""adm2_code"":40985,""adm2_name"":""Kahnug""}]",2014-03-07,2023-09-25
2006-0153-IRN,No,nat-geo-ear-gro,Natural,Geophysical,Earthquake,Ground movement,USGS:usp000edad,,IRN,Iran (Islamic Republic of),Southern Asia,Asia,"Aleshtar village (Selseleh district, Lorestan province), Silakhor village (Dorud district, Lorestan province), Borugerd, Khorramabad districts (Lorestan province)",,,No,No,No,5315,6.1,Richter,33.5,48.78,,2006,3,31,2006,3,31,63,1418,160000,,161418,,,,,42262,63878,66.1603305617979,"[{""adm2_code"":40911,""adm2_name"":""Borugerd""},{""adm2_code"":40937,""adm2_name"":""Dorud""},{""adm2_code"":41001,""adm2_name"":""Khorramabad""},{""adm2_code"":41097,""adm2_name"":""Selseleh""}]",2007-11-08,2023-09-25
2006-0239-IRN,No,nat-geo-ear-gro,Natural,Geophysical,Earthquake,Ground movement,USGS:usp000egfm,,IRN,Iran (Islamic Republic of),Southern Asia,Asia,Zarand district (Kerman province),,,No,No,No,,5,Richter,30.79,56.7,,2006,5,7,2006,5,7,,70,,,70,,,,,,,66.1603305617979,"[{""adm2_code"":41141,""adm2_name"":""Zarand""}]",2007-01-03,2023-09-25
2006-0405-AFG,No,nat-geo-ear-gro,Natural,Geophysical,Earthquake,Ground movement,USGS:usp000epsz,,AFG,Afghanistan,Southern Asia,Asia,Emamsaheb district (Kunduz province),,,No,No,No,,5.6,Richter,37.255,68.828,,2006,7,29,2006,7,29,1,,740,195,935,,,,,,,66.1603305617979,"[{""adm2_code"":3640,""adm2_name"":""Emamsaheb""}]",2011-07-28,2023-09-25
2008-0178-IRN,No,nat-geo-ear-gro,Natural,Geophysical,Earthquake,Ground movement,USGS:usp000g57j,,IRN,Iran (Islamic Republic of),Southern Asia,Asia,Borugerd district (Lorestan province),,,No,No,No,,4.5,Richter,33.86,48.59,,2008,5,1,2008,5,1,,170,,,170,,,,,,,70.6600890345053,"[{""adm2_code"":40911,""adm2_name"":""Borugerd""}]",2008-06-11,2023-09-25
2008-0401-IRN,No,nat-geo-ear-gro,Natural,Geophysical,Earthquake,Ground movement,USGS:usp000ggsg,,IRN,Iran (Islamic Republic of),Southern Asia,Asia,"Tonban village (Geshm district, Hormozgan province), Roudan village (Rudan district, Hormozgan province)",,,No,No,No,,6.1,Richter,26.743,55.828,,2008,9,10,2008,9,10,6,45,20500,,20545,,,,,,,70.6600890345053,"[{""adm2_code"":40963,""adm2_name"":""Geshm""},{""adm2_code"":41078,""adm2_name"":""Rudan""}]",2008-10-14,2023-09-25
2008-0500-PAK,No,nat-geo-ear-gro,Natural,Geophysical,Earthquake,Ground movement,GLIDE:EQ-2008-000206|USGS:usp000gm8g,,PAK,Pakistan,Southern Asia,Asia,"Khanozai village (Pishin District district, Balochistan province), Kawas village (Ziarat District district, Balochistan province), Harnai area (Sibi District district, Balochistan province)",,"Slide (land, mud, snow, rock)",Yes,No,No,15792,6.4,Richter,30.639,67.351,,2008,10,28,2008,10,28,166,320,75000,,75320,,,,,10000,14152,70.6600890345053,"[{""adm2_code"":40310,""adm2_name"":""Pishin District""},{""adm2_code"":40312,""adm2_name"":""Sibi District""},{""adm2_code"":40314,""adm2_name"":""Ziarat District""}]",2010-08-16,2023-09-25
2009-0156-AFG,No,nat-geo-ear-gro,Natural,Geophysical,Earthquake,Ground movement,USGS:usp000gw84,,AFG,Afghanistan,Southern Asia,Asia,"Sherzad, Hesarak, Khogyani districts (Nangarhar province)",,,No,No,No,,5.2,Richter,34.185,70.076,,2009,4,16,2009,4,16,22,59,,3250,3309,,,,,,,70.4088617569341,"[{""adm2_code"":3661,""adm2_name"":""Hesarak""},{""adm2_code"":3664,""adm2_name"":""Khogyani""},{""adm2_code"":3671,""adm2_name"":""Sherzad""}]",2014-02-28,2023-09-25
2009-0406-BTN,No,nat-geo-ear-gro,Natural,Geophysical,Earthquake,Ground movement,USGS:usp000h1r4,,BTN,Bhutan,Southern Asia,Asia,"Monggar, Trashigang provinces",,,No,No,No,184,8.1,Richter,-15.489,-172.095,,2009,9,21,2009,9,21,11,12,,,12,,,,,,,70.4088617569341,"[{""adm1_code"":628,""adm1_name"":""Monggar""},{""adm1_code"":637,""adm1_name"":""Trashigang""}]",2010-02-05,2023-09-25
2009-0493-IRN,No,nat-geo-ear-gro,Natural,Geophysical,Earthquake,Ground movement,USGS:usp000h3qd,,IRN,Iran (Islamic Republic of),Southern Asia,Asia,Bandar-e abbas district (Hormozgan province),,,No,No,No,,5,Richter,27.334,56.202,,2009,11,3,2009,11,3,,269,,,269,,,,,,,70.4088617569341,"[{""adm2_code"":40896,""adm2_name"":""Bandar-e abbas""}]",2010-03-07,2023-09-25
2010-0018-IRN,No,nat-geo-ear-gro,Natural,Geophysical,Earthquake,Ground movement,USGS:usp000h678,,IRN,Iran (Islamic Republic of),Southern Asia,Asia,Andimeshk district (Khuzestan province),,,No,No,No,,5,Richter,32.45,48.3,,2010,1,16,2010,1,17,,,750,,750,,,,,,,71.5635955751889,"[{""adm2_code"":40873,""adm2_name"":""Andimeshk""}]",2010-02-03,2023-09-25
2010-0361-IRN,No,nat-geo-ear-gro,Natural,Geophysical,Earthquake,Ground movement,USGS:usp000hh5v,,IRN,Iran (Islamic Republic of),Southern Asia,Asia,Torbat-e heydarieh district (Khorasan province),,,No,No,No,,5.5,Richter,35.221,59.317,,2010,7,30,2010,7,30,,274,,,274,,,,,,,71.5635955751889,"[{""adm2_code"":41133,""adm2_name"":""Torbat-e heydarieh""}]",2014-03-07,2023-09-25
2010-0363-IRN,No,nat-geo-ear-gro,Natural,Geophysical,Earthquake,Ground movement,USGS:usp000hg74,,IRN,Iran (Islamic Republic of),Southern Asia,Asia,Lamerd district (Fars province),,,No,No,No,,5.8,Richter,27.022,53.861,,2010,7,20,2010,7,20,1,32,,,32,,,,,,,71.5635955751889,"[{""adm2_code"":41013,""adm2_name"":""Lamerd""}]",2014-03-07,2023-09-25
2010-0591-IRN,No,nat-geo-ear-gro,Natural,Geophysical,Earthquake,Ground movement,USGS:usp000hp6h,,IRN,Iran (Islamic Republic of),Southern Asia,Asia,"Dorud village (Dorud district, Lorestan province), Razan village (Khorramabad district, Lorestan province)",,,No,No,No,,4.9,Richter,33.37,48.94,,2010,11,6,2010,11,6,,104,,,104,,,,,,,71.5635955751889,"[{""adm2_code"":40937,""adm2_name"":""Dorud""},{""adm2_code"":41001,""adm2_name"":""Khorramabad""}]",2014-03-07,2023-09-25
2010-0645-IRN,No,nat-geo-ear-gro,Natural,Geophysical,Earthquake,Ground movement,USGS:usp000hr7k,,IRN,Iran (Islamic Republic of),Southern Asia,Asia,"Fahraj village (Bam district, Kerman province)",,,No,No,No,,6.7,Richter,28.412,59.18,,2010,12,20,2010,12,20,7,25,,,25,,,,,,,71.5635955751889,"[{""adm2_code"":40893,""adm2_name"":""Bam""}]",2014-03-07,2023-09-25
2010-0669-AFG,No,nat-geo-ear-gro,Natural,Geophysical,Earthquake,Ground movement,USGS:usp000hbmk,,AFG,Afghanistan,Southern Asia,Asia,Samangan province,,"Slide (land, mud, snow, rock)",No,No,No,,5.6,Richter,35.633,67.658,,2010,4,18,2010,4,18,11,70,,1000,1070,,,,,,,71.5635955751889,"[{""adm1_code"":298,""adm1_name"":""Samangan""}]",2011-01-06,2023-09-25
2010-0672-IRN,No,nat-geo-ear-gro,Natural,Geophysical,Earthquake,Ground movement,USGS:usp000hjuq,,IRN,Iran (Islamic Republic of),Southern Asia,Asia,"Damghan village (Damghan district, Semnan province), Torud village (Shahrud district, Semnan province)",,,No,No,No,,5.8,Richter,35.49,54.47,,2010,8,27,2010,8,27,3,100,,3500,3600,,,,,,,71.5635955751889,"[{""adm2_code"":40922,""adm2_name"":""Damghan""},{""adm2_code"":41108,""adm2_name"":""Shahrud""}]",2011-01-06,2023-09-25
2011-0104-PAK,No,nat-geo-ear-gro,Natural,Geophysical,Earthquake,Ground movement,USGS:usp000htb4,,PAK,Pakistan,Southern Asia,Asia,"Garhi Khairo village (Jacobabad district, Sindh province), Quetta, Chagai districts (Balochistan province)",,,No,No,No,,7.2,Richter,28.777,63.951,,2011,1,18,2011,1,18,2,,1000,,1000,,,,,,,73.822750859736,"[{""adm2_code"":23614,""adm2_name"":""Chagai District""},{""adm2_code"":23627,""adm2_name"":""Quetta District""},{""adm2_code"":23684,""adm2_name"":""Jacobabad District""}]",2014-03-11,2023-09-25
2011-0351-BTN,No,nat-geo-ear-gro,Natural,Geophysical,Earthquake,Ground movement,GLIDE:EQ-2011-000136|USGS:usp000j88b,,BTN,Bhutan,Southern Asia,Asia,"Paro, Thimphu provinces",,,No,No,No,,6.9,Richter,27.73,88.155,,2011,9,18,2011,9,18,1,16,20000,,20016,,,,,,,73.822750859736,"[{""adm1_code"":629,""adm1_name"":""Paro""},{""adm1_code"":635,""adm1_name"":""Thimphu""}]",2011-10-19,2023-09-25
2011-0351-IND,No,nat-geo-ear-gro,Natural,Geophysical,Earthquake,Ground movement,GLIDE:EQ-2011-000136|USGS:usp000j88b,,IND,India,Southern Asia,Asia,"Sikkim, West Bengal, Bihar, Assam, Meghalaya provinces",,"Slide (land, mud, snow, rock)",No,No,No,33,6.9,Richter,27.73,88.155,,2011,9,18,2011,9,18,112,200,500000,75000,575200,,,,,,,73.822750859736,"[{""adm1_code"":1487,""adm1_name"":""Assam""},{""adm1_code"":1501,""adm1_name"":""Meghalaya""},{""adm1_code"":1507,""adm1_name"":""Sikkim""},{""adm1_code"":1511,""adm1_name"":""West Bengal""},{""adm1_code"":70073,""adm1_name"":""Bihar""}]",2011-11-07,2023-09-25
2011-0351-NPL,No,nat-geo-ear-gro,Natural,Geophysical,Earthquake,Ground movement,GLIDE:EQ-2011-000136|USGS:usp000j88b,,NPL,Nepal,Southern Asia,Asia,"Lamjung, Syangja areas (Gandaki district, Western province), Dolakha, Ramechhap areas (Janakpur district, Central province), Khotang, Solukhumbu areas (Sagarmatha district, Eastern province), Mechi, Koshi districts (Eastern province), Bagmati district (Central province)",,,No,No,No,,6.9,Richter,27.73,88.155,,2011,9,18,2011,9,18,7,89,167860,,167949,,,,,,,73.822750859736,"[{""adm2_code"":22351,""adm2_name"":""Bagmati""},{""adm2_code"":22352,""adm2_name"":""Janakpur""},{""adm2_code"":22354,""adm2_name"":""Koshi""},{""adm2_code"":22355,""adm2_name"":""Mechi""},{""adm2_code"":22356,""adm2_name"":""Sagarmatha""},{""adm2_code"":22363,""adm2_name"":""Gandaki""}]",2012-07-17,2023-09-25
2012-0164-AFG,No,nat-geo-ear-gro,Natural,Geophysical,Earthquake,Ground movement,USGS:usp000jmmc,,AFG,Afghanistan,Southern Asia,Asia,"Burka, Mullah Jan villages (Burka district, Baghlan province) Nahrin, Guzargah-e-Nur, Khost Wa Fereng, Khwajahejran districts (Baghlan province)",,"Slide (land, mud, snow, rock)",No,No,No,,5.7,Richter,36.023,69.351,,2012,6,11,2012,6,11,73,2,,235,237,,,,,,,75.3503857046957,"[{""adm2_code"":3468,""adm2_name"":""Burka""},{""adm2_code"":99984,""adm2_name"":""Nahrin""},{""adm2_code"":99985,""adm2_name"":""Khwajahejran""},{""adm2_code"":99987,""adm2_name"":""Guzargah-e- Nur""},{""adm2_code"":100020,""adm2_name"":""Khost Wa Fereng""}]",2014-02-28,2023-09-25
2012-0275-IRN,No,nat-geo-ear-gro,Natural,Geophysical,Earthquake,Ground movement,GLIDE:EQ-2012-000136|USGS:usp000jq5p,,IRN,Iran (Islamic Republic of),Southern Asia,Asia,"Varzeghan village (Ahar district, East Azarbayejan province), Heris, Tabriz districts (East Azarbayejan province)",,,No,No,No,28540,6.4,Richter,38.329,46.826,,2012,8,11,2012,8,11,306,2006,59540,,61546,,,,,500000,663567,75.3503857046957,"[{""adm2_code"":40867,""adm2_name"":""Ahar""},{""adm2_code"":40973,""adm2_name"":""Heris""},{""adm2_code"":41121,""adm2_name"":""Tabriz""}]",2013-03-08,2023-09-25
2012-0502-IRN,No,nat-geo-ear-gro,Natural,Geophysical,Earthquake,Ground movement,USGS:usp000jwga,,IRN,Iran (Islamic Republic of),Southern Asia,Asia,"Zohan, Ghayen villages (Gaenat district, Khorasan province), Zirkooh, Hoserobat (Birjand district, Khorasan province)",,,No,No,No,,5.8,Richter,33.506,59.571,,2012,12,5,2012,12,5,6,23,5500,,5523,,,,,,,75.3503857046957,"[{""adm2_code"":40909,""adm2_name"":""Birjand""},{""adm2_code"":40959,""adm2_name"":""Gaenat""}]",2013-01-03,2023-09-25
2012-0597-IRN,No,nat-geo-ear-gro,Natural,Geophysical,Earthquake,Ground movement,USGS:usp000jdqd,,IRN,Iran (Islamic Republic of),Southern Asia,Asia,Nishabur district (Khorasan province),,,No,No,No,,5.1,Richter,36.288,58.835,,2012,1,19,2012,1,19,,238,,,238,,,,,,,75.3503857046957,"[{""adm2_code"":41053,""adm2_name"":""Nishabur""}]",2013-03-28,2023-09-25
2013-0098-IRN,No,nat-geo-ear-gro,Natural,Geophysical,Earthquake,Ground movement,USGS:usb000g2y5,,IRN,Iran (Islamic Republic of),Southern Asia,Asia,"Shonbeh ,Kaki villages (Dashty district, Bushehr province), Baghan,Tasouj villages (Shiraz district, Fars province)",,,No,No,No,,6.4,Richter,28.428,51.593,,2013,4,9,2013,4,9,37,850,3500,,4350,,,,,600000,784784,76.454145985163,"[{""adm2_code"":40928,""adm2_name"":""Dashty""},{""adm2_code"":41111,""adm2_name"":""Shiraz""}]",2014-02-18,2023-09-25
2013-0099-IRN,No,nat-geo-ear-gro,Natural,Geophysical,Earthquake,Ground movement,USGS:usb000g7x7,,IRN,Iran (Islamic Republic of),Southern Asia,Asia,"Khash, Saravan districts (Sistan-o baluchestan province)",,,No,No,No,,7.7,Richter,28.033,61.996,,2013,4,16,2013,4,16,,27,,,27,,,,,,,76.454145985163,"[{""adm2_code"":40997,""adm2_name"":""Khash""},{""adm2_code"":41090,""adm2_name"":""Saravan""}]",2014-02-18,2023-09-25
2013-0099-PAK,No,nat-geo-ear-gro,Natural,Geophysical,Earthquake,Ground movement,USGS:usb000g7x7,,PAK,Pakistan,Southern Asia,Asia,"Mashkhel area (Chagai district, Balochistan province), Washuk area (Kharan district, Balochistan province), Karachi Central District, Karachi East District, Karachi South District, Karachi West District districts (Sindh province)",,,No,No,No,,7.7,Richter,28.033,61.996,,2013,4,16,2013,4,16,41,175,15000,,15175,,,,,,,76.454145985163,"[{""adm2_code"":23614,""adm2_name"":""Chagai District""},{""adm2_code"":23619,""adm2_name"":""Kharan District""},{""adm2_code"":40392,""adm2_name"":""Karachi Central District""},{""adm2_code"":40393,""adm2_name"":""Karachi East District""},{""adm2_code"":40394,""adm2_name"":""Karachi South District""},{""adm2_code"":40395,""adm2_name"":""Karachi West District""}]",2014-02-18,2023-09-25
2013-0140-IND,No,nat-geo-ear-gro,Natural,Geophysical,Earthquake,Ground movement,GLIDE:EQ-2013-000056|USGS:usb000gjhz,,IND,India,Southern Asia,Asia,Administrive unit not available district (Jammu and Kashmir province),,,No,No,No,,5.7,Richter,33.061,75.863,,2013,5,1,2013,5,1,3,70,59280,,59350,,,,,120000,156957,76.454145985163,"[{""adm2_code"":72809,""adm2_name"":""Administrative unit not available""}]",2013-07-05,2023-09-25
2013-0151-AFG,No,nat-geo-ear-gro,Natural,Geophysical,Earthquake,Ground movement,USGS:usb000geu9,,AFG,Afghanistan,Southern Asia,Asia,"Kama, Dehbala, Lalpur, Surkhrod, Kuzkunar, Sherzad, Khogyani, Chaparhar, Dara-e-Nur, Goshta, Durbaba, Muhmand Dara, Behsud, Jalalabad, Batikot, Hesarak, Shinwar, Achin districts (Nangarhar province), Nurgal, Khaskunar, Sarkani, Chawkay (Kunar province)",,,No,No,No,,5.5,Richter,34.526,70.22,,2013,4,24,2013,4,24,18,141,3390,,3531,,,,,,,76.454145985163,"[{""adm2_code"":3628,""adm2_name"":""Chawkay""},{""adm2_code"":3630,""adm2_name"":""Khaskunar""},{""adm2_code"":3634,""adm2_name"":""Nurgal""},{""adm2_code"":3636,""adm2_name"":""Sarkani""},{""adm2_code"":3654,""adm2_name"":""Achin""},{""adm2_code"":3655,""adm2_name"":""Batikot""},{""adm2_code"":3656,""adm2_name"":""Chaparhar""},{""adm2_code"":3657,""adm2_name"":""Dara-e-Nur""},{""adm2_code"":3658,""adm2_name"":""Dehbala""},{""adm2_code"":3659,""adm2_name"":""Durbaba""},{""adm2_code"":3660,""adm2_name"":""Goshta""},{""adm2_code"":3661,""adm2_name"":""Hesarak""},{""adm2_code"":3663,""adm2_name"":""Kama""},{""adm2_code"":3664,""adm2_name"":""Khogyani""},{""adm2_code"":3665,""adm2_name"":""Kuzkunar""},{""adm2_code"":3666,""adm2_name"":""Lalpur""},{""adm2_code"":3667,""adm2_name"":""Muhmand Dara""},{""adm2_code"":3671,""adm2_name"":""Sherzad""},{""adm2_code"":3672,""adm2_name"":""Shinwar""},{""adm2_code"":3673,""adm2_name"":""Surkhrod""},{""adm2_code"":99913,""adm2_name"":""Jalalabad""},{""adm2_code"":99928,""adm2_name"":""Behsud""}]",2014-03-20,2023-09-25
2013-0381-PAK,No,nat-geo-ear-gro,Natural,Geophysical,Earthquake,Ground movement,USGS:usb000jyiv,,PAK,Pakistan,Southern Asia,Asia,"Awaran District, Chagai District, Gwadar District, Kech District, Khuzdar District, Panjgur District districts (Balochistan province)",,,No,No,No,,7.7,Richter,26.951,65.5009,,2013,9,24,2013,9,24,399,599,185150,,185749,,,,,100000,130797,76.454145985163,"[{""adm2_code"":23614,""adm2_name"":""Chagai District""},{""adm2_code"":23616,""adm2_name"":""Gwadar District""},{""adm2_code"":23625,""adm2_name"":""Panjgur District""},{""adm2_code"":40289,""adm2_name"":""Awaran District""},{""adm2_code"":40298,""adm2_name"":""Kech District""},{""adm2_code"":40300,""adm2_name"":""Khuzdar District""}]",2014-03-20,2023-09-25
2013-0484-PAK,No,nat-geo-ear-gro,Natural,Geophysical,Earthquake,Ground movement,USGS:usb000k1gb,,PAK,Pakistan,Southern Asia,Asia,Awaran District district (Balochistan province),,,No,No,No,,6.8,Richter,27.1825,65.5052,,2013,9,28,2013,9,28,22,50,,,50,,,,,,,76.454145985163,"[{""adm2_code"":40289,""adm2_name"":""Awaran District""}]",2014-03-11,2023-09-25
2013-0516-IRN,No,nat-geo-ear-gro,Natural,Geophysical,Earthquake,Ground movement,USGS:usb000l7nt,,IRN,Iran (Islamic Republic of),Southern Asia,Asia,"Borazjan city (Dashtestan district, Bushehr province)",,,No,No,No,,5.8,Richter,29.32,51.31,,2013,11,28,2013,11,28,8,120,,1500,1620,,,,,,,76.454145985163,"[{""adm2_code"":40927,""adm2_name"":""Dashtestan""}]",2014-03-20,2023-09-25
2014-0054-IRN,No,nat-geo-ear-gro,Natural,Geophysical,Earthquake,Ground movement,USGS:usc000lvhr,,IRN,Iran (Islamic Republic of),Southern Asia,Asia,"Bastak city (Bandar-elengeh district, Hormozgan province)",,,No,No,No,,5.2,Richter,27.1502,54.4482,,2014,1,2,2014,1,2,1,30,300,,330,,,,,2000,2574,77.6944061345599,"[{""adm2_code"":40899,""adm2_name"":""Bandar-elengeh""}]",2014-02-07,2023-09-25
2014-0287-IRN,No,nat-geo-ear-gro,Natural,Geophysical,Earthquake,Ground movement,GLIDE:EQ-2014-000111|USGS:usb000s3t7,,IRN,Iran (Islamic Republic of),Southern Asia,Asia,"Moormoori village (Abdanan district, Ilam province), Tape Hamane Oliya, Tape Hamane Sofla villages (Dehloran district, Ilam province)",,,No,No,No,,6,Richter,32.5827,47.7037,,2014,8,18,2014,8,18,,250,,12000,12250,,,,,43000,55345,77.6944061345599,"[{""adm2_code"":40862,""adm2_name"":""Abdanan""},{""adm2_code"":40930,""adm2_name"":""Dehloran""}]",2014-09-01,2023-09-25
2015-0144-BGD,No,nat-geo-ear-gro,Natural,Geophysical,Earthquake,Ground movement,GLIDE:EQ-2015-000048|USGS:us20002926,,BGD,Bangladesh,Southern Asia,Asia,"Savar area (Dhaka district, Dhaka province), Narayanganj, Gazipur, Gopalganj districts (Dhaka province), Sunamganj district (Sylhet province), Comilla, Feni districts (Chittagong province), Habiganj district (Sylhet province), Gangachara area (Rangpur district, Rangpur province), Gaibandha district (Rangpur province), Rajshahi, Naogaon, Bogra, Pabna districts (Rajshahi province)",,,No,No,No,,7.8,Richter,28.2305,84.7314,,2015,4,25,2015,4,25,4,200,,,200,,,,,,,77.7865676599234,"[{""adm2_code"":5771,""adm2_name"":""Comilla""},{""adm2_code"":5773,""adm2_name"":""Feni""},{""adm2_code"":5778,""adm2_name"":""Dhaka""},{""adm2_code"":5780,""adm2_name"":""Gazipur""},{""adm2_code"":5781,""adm2_name"":""Gopalganj""},{""adm2_code"":5788,""adm2_name"":""Narayanganj""},{""adm2_code"":5821,""adm2_name"":""Habiganj""},{""adm2_code"":5823,""adm2_name"":""Sunamganj""},{""adm2_code"":5805,""adm2_name"":""Bogra""},{""adm2_code"":5811,""adm2_name"":""Naogaon""},{""adm2_code"":5815,""adm2_name"":""Pabna""},{""adm2_code"":5817,""adm2_name"":""Rajshahi""},{""adm2_code"":5807,""adm2_name"":""Gaibandha""},{""adm2_code"":5818,""adm2_name"":""Rangpur""}]",2016-08-24,2023-09-25
2015-0144-IND,No,nat-geo-ear-gro,Natural,Geophysical,Earthquake,Ground movement,GLIDE:EQ-2015-000048|USGS:us20002926,,IND,India,Southern Asia,Asia,"Bihar, Uttar Pradesh, West Bengal, Sikkim provinces",,,No,No,No,,7.8,Richter,28.2305,84.7314,,2015,4,25,2015,4,25,78,560,,,560,,,,,,,77.7865676599234,"[{""adm1_code"":1507,""adm1_name"":""Sikkim""},{""adm1_code"":1511,""adm1_name"":""West Bengal""},{""adm1_code"":70073,""adm1_name"":""Bihar""},{""adm1_code"":70081,""adm1_name"":""Uttar Pradesh""}]",2015-04-28,2023-09-25
2015-0144-NPL,No,nat-geo-ear-gro,Natural,Geophysical,Earthquake,Ground movement,GLIDE:EQ-2015-000048|USGS:us20002926,,NPL,Nepal,Southern Asia,Asia,"Gorkha area (Gandaki district, Western province), Dolakha, Ramechhap areas (Janakpur district, Central province), Bagmati district (Central province)",,"Slide (land, mud, snow, rock)",Yes,No,No,533808,7.8,Richter,28.23,84.731,,2015,4,25,2015,4,25,8831,17932,5621790,,5639722,,,100000,128557,5174000,6651534,77.7865676599234,"[{""adm2_code"":22351,""adm2_name"":""Bagmati""},{""adm2_code"":22352,""adm2_name"":""Janakpur""},{""adm2_code"":22363,""adm2_name"":""Gandaki""}]",2015-04-28,2023-09-25
2015-0175-IND,No,nat-geo-ear-gro,Natural,Geophysical,Earthquake,Ground movement,USGS:us20002ejl,,IND,India,Southern Asia,Asia,Bihar province,,,No,No,No,,7.3,Richter,27.8087,86.0655,,2015,5,12,2015,5,12,20,,,,,,,,,,,77.7865676599234,"[{""adm1_code"":70073,""adm1_name"":""Bihar""}]",2015-05-21,2023-09-25
2015-0175-NPL,No,nat-geo-ear-gro,Natural,Geophysical,Earthquake,Ground movement,USGS:us20002ejl,,NPL,Nepal,Southern Asia,Asia,"Kathmandu, Sindhupalchok areas (Bagmati district, Central province), Dolakha area (Janakpur district, Central province)",,"Slide (land, mud, snow, rock)",No,No,No,,7.3,Richter,27.8087,86.0655,19km SE of Kodari,2015,5,12,2015,5,12,138,2428,,,2428,,,,,,,77.7865676599234,"[{""adm2_code"":22351,""adm2_name"":""Bagmati""},{""adm2_code"":22352,""adm2_name"":""Janakpur""}]",2015-05-21,2023-09-25
2015-0476-AFG,No,nat-geo-ear-gro,Natural,Geophysical,Earthquake,Ground movement,GLIDE:EQ-2015-000147|USGS:us10003re5,,AFG,Afghanistan,Southern Asia,Asia,"Badakhshan, Baghlan, Ghazni, Kapisa, Khost, Kunar, Nangarhar, Paktya, Panjsher, Parwan, Takhar, Kunduz, Nuristan, Laghman, Kabul provinces",,,No,No,No,,7.5,Richter,36.5244,70.3676,,2015,10,26,2015,10,26,115,58080,,34645,92725,,,,,,,77.7865676599234,"[{""adm1_code"":272,""adm1_name"":""Badakhshan""},{""adm1_code"":274,""adm1_name"":""Baghlan""},{""adm1_code"":279,""adm1_name"":""Ghazni""},{""adm1_code"":284,""adm1_name"":""Kabul""},{""adm1_code"":286,""adm1_name"":""Kapisa""},{""adm1_code"":287,""adm1_name"":""Khost""},{""adm1_code"":288,""adm1_name"":""Kunar""},{""adm1_code"":289,""adm1_name"":""Kunduz""},{""adm1_code"":290,""adm1_name"":""Laghman""},{""adm1_code"":292,""adm1_name"":""Nangarhar""},{""adm1_code"":294,""adm1_name"":""Nuristan""},{""adm1_code"":296,""adm1_name"":""Paktya""},{""adm1_code"":300,""adm1_name"":""Takhar""},{""adm1_code"":99879,""adm1_name"":""Panjsher""},{""adm1_code"":99880,""adm1_name"":""Parwan""}]",2015-10-27,2023-09-25
2015-0476-IND,No,nat-geo-ear-gro,Natural,Geophysical,Earthquake,Ground movement,GLIDE:EQ-2015-000147|USGS:us10003re5,,IND,India,Southern Asia,Asia,"Administrative unit not available districts (Jammu and Kashmir province), Delhi, Punjab provinces",,,No,No,No,,7.5,Richter,36.5244,70.3676,,2015,10,26,2015,10,26,,10,,,10,,,,,,,77.7865676599234,"[{""adm1_code"":1489,""adm1_name"":""Delhi""},{""adm1_code"":1505,""adm1_name"":""Punjab""},{""adm2_code"":72802,""adm2_name"":""Administrative unit not available""},{""adm2_code"":72789,""adm2_name"":""Administrative unit not available""},{""adm2_code"":72810,""adm2_name"":""Administrative unit not available""},{""adm2_code"":72851,""adm2_name"":""Administrative unit not available""}]",2015-10-28,2023-09-25
2015-0476-PAK,No,nat-geo-ear-gro,Natural,Geophysical,Earthquake,Ground movement,GLIDE:EQ-2015-000147|USGS:us10003re5,,PAK,Pakistan,Southern Asia,Asia,"Islamabad District district (Islamabad province), Chakwal District, Gujranwala District, Jhang District, Jhelum District, Kasur District, Mianwali District, Multan District, Muzaffargarh District, Narowal District, Rawalpindi District, Sahiwal District, Sargodha District, Sheikhupura District districts (Punjab province), Azad area (Jammu and Kashmir province), North-West Frontier province",,,No,No,No,,7.5,Richter,36.5244,70.3676,,2015,10,25,2015,10,25,280,1745,366945,133900,502590,,,,,,,77.7865676599234,"[{""adm1_code"":2275,""adm1_name"":""North-West Frontier""},{""adm1_code"":40408,""adm1_name"":""Administrative unit not available""},{""adm2_code"":23638,""adm2_name"":""Islamabad District""},{""adm2_code"":23656,""adm2_name"":""Chakwal District""},{""adm2_code"":23661,""adm2_name"":""Jhang District""},{""adm2_code"":23662,""adm2_name"":""Jhelum District""},{""adm2_code"":23663,""adm2_name"":""Kasur District""},{""adm2_code"":23668,""adm2_name"":""Mianwali District""},{""adm2_code"":23670,""adm2_name"":""Muzaffargarh District""},{""adm2_code"":23674,""adm2_name"":""Rawalpindi District""},{""adm2_code"":23676,""adm2_name"":""Sargodha District""},{""adm2_code"":23677,""adm2_name"":""Sheikhupura District""},{""adm2_code"":40360,""adm2_name"":""Gujranwala District""},{""adm2_code"":40373,""adm2_name"":""Multan District""},{""adm2_code"":40375,""adm2_name"":""Narowal District""},{""adm2_code"":40381,""adm2_name"":""Sahiwal District""}]",2015-10-27,2023-09-25
2015-0571-AFG,No,nat-geo-ear-gro,Natural,Geophysical,Earthquake,Ground movement,USGS:us100049i1,,AFG,Afghanistan,Southern Asia,Asia,"Ashkasham town (Eshkmesh district, Badakhshan province)",,,No,No,No,,6.3,Richter,36.4935,71.1263,,2015,12,25,2015,12,25,,12,,395,407,,,,,,,77.7865676599234,"[{""adm2_code"":3448,""adm2_name"":""Eshkmesh""}]",2016-01-20,2023-09-25
2015-0571-PAK,No,nat-geo-ear-gro,Natural,Geophysical,Earthquake,Ground movement,USGS:us100049i1,,PAK,Pakistan,Southern Asia,Asia,Khyber Agency district (Federally Administrered Tribal Areas province),,,No,No,No,,6.3,Richter,36.4935,71.1263,,2015,12,25,2015,12,25,3,85,,,85,,,,,,,77.7865676599234,"[{""adm2_code"":23632,""adm2_name"":""Khyber Agency""}]",2016-01-20,2023-09-25
2016-0002-BGD,No,nat-geo-ear-gro,Natural,Geophysical,Earthquake,Ground movement,,,BGD,Bangladesh,Southern Asia,Asia,"Dhaka, Jamalpur districts (Dhaka province), Rajshahi district (Rajshahi province), Lalmonirhat, Panchagarh districts (Rangpur province)",,,No,No,No,,6.7,Richter,24.804,93.65,,2016,1,3,2016,1,3,5,70,,,70,,,,,,,78.7679229975209,"[{""adm2_code"":5778,""adm2_name"":""Dhaka""},{""adm2_code"":5782,""adm2_name"":""Jamalpur""},{""adm2_code"":5817,""adm2_name"":""Rajshahi""},{""adm2_code"":5810,""adm2_name"":""Lalmonirhat""},{""adm2_code"":5816,""adm2_name"":""Panchagarh""}]",2016-01-12,2023-09-25
2016-0002-IND,No,nat-geo-ear-gro,Natural,Geophysical,Earthquake,Ground movement,,,IND,India,Southern Asia,Asia,"Guwahati city (Kamrup district, Assam province), East Imphal, West Imphal, Senapati, Thoubal, Bishnupur, Tamenglong districts (Manipur province)",,,No,No,No,,6.7,Richter,24.804,93.65,,2016,1,3,2016,1,3,8,308,10500,,10808,,,,,75000,95216,78.7679229975209,"[{""adm2_code"":17583,""adm2_name"":""Kamrup""},{""adm2_code"":70188,""adm2_name"":""Bishnupur""},{""adm2_code"":70191,""adm2_name"":""East Imphal""},{""adm2_code"":70192,""adm2_name"":""Senapati""},{""adm2_code"":70193,""adm2_name"":""Tamenglong""},{""adm2_code"":70194,""adm2_name"":""Thoubal""},{""adm2_code"":70196,""adm2_name"":""West Imphal""}]",2016-01-12,2023-09-25
2016-0100-PAK,No,nat-geo-ear-gro,Natural,Geophysical,Earthquake,Ground movement,,,PAK,Pakistan,Southern Asia,Asia,"North-West Frontier, Gilgit-Baltistan provinces, Khyber Agency district (Federally Administered Tribal Areas province)",,,No,No,No,,6.6,Richter,36.473,71.13,,2016,4,10,2016,4,10,6,42,100,,142,,,,,,,78.7679229975209,"[{""adm1_code"":2275,""adm1_name"":""North-West Frontier""},{""adm1_code"":40409,""adm1_name"":""Administrative unit not available""},{""adm2_code"":23632,""adm2_name"":""Khyber Agency""}]",2016-04-11,2023-09-25
2017-0204-IRN,No,nat-geo-ear-gro,Natural,Geophysical,Earthquake,Ground movement,,,IRN,Iran (Islamic Republic of),Southern Asia,Asia,"Kopet Dag Mountain, North Khorasan province (Bojnord, Maneh, Samarghan, Ghasre-Ghajar, Qorbour, Langer, Bidak)",,,No,No,No,,5.6,Richter,37.772,57.204,,2017,5,13,2017,5,13,3,417,,1845,2262,,,,,2000,2486,80.4457792619455,"[{""adm2_code"":40910,""adm2_name"":""Bojnord""}]",2017-06-26,2023-09-25
2017-0446-IRN,No,nat-geo-ear-gro,Natural,Geophysical,Earthquake,Ground movement,,,IRN,Iran (Islamic Republic of),Southern Asia,Asia,"Qasre-Shirin, Gilane-Garb, Kermanshah, Sare-Pule-Zahab, , Islamabad- E- Gharb, Dalahoo, Javanrood (Ezgeleh), Salase-Babajani (Kermanshah province), Ilam city, Mehran City (Ilam)",,,No,No,No,,7.3,Richter,34.911,45.959,,2017,11,12,2017,11,12,444,9000,200000,,209000,,,,,740000,919874,80.4457792619455,"[{""adm2_code"":40943,""adm2_name"":""Eslamabad-e gharb""},{""adm2_code"":40964,""adm2_name"":""Gilan-e gharb""},{""adm2_code"":40980,""adm2_name"":""Javanrud""},{""adm2_code"":40995,""adm2_name"":""Kermanshah""},{""adm2_code"":41066,""adm2_name"":""Qasr-e shirin""},{""adm2_code"":41087,""adm2_name"":""Sar-e pol-e zahab""},{""adm2_code"":40946,""adm2_name"":""Eylam""},{""adm2_code"":41033,""adm2_name"":""Mehran""}]",2017-11-15,2023-09-25
2017-0521-IRN,No,nat-geo-ear-gro,Natural,Geophysical,Earthquake,Ground movement,,,IRN,Iran (Islamic Republic of),Southern Asia,Asia,"Tehran region (Malard, Alborz), Saveh city",,,No,No,No,,4.9,Richter,35.649,50.962,,2017,12,20,2017,12,20,2,120,,,120,,,,,,,80.4457792619455,"[{""adm1_code"":1560,""adm1_name"":""Tehran""},{""adm2_code"":41095,""adm2_name"":""Saveh""}]",2017-12-21,2023-09-25
2018-0281-IRN,No,nat-geo-ear-gro,Natural,Geophysical,Earthquake,Ground movement,,,IRN,Iran (Islamic Republic of),Southern Asia,Asia,Tazeh Abad district (Kermanshah),,,No,No,No,,5.9,Richter,34.645,46.179,,2018,7,22,2018,7,22,,287,4755,,5042,,,,,10000,12134,82.4106679610351,"[{""adm2_code"":40980,""adm2_name"":""Javanrud""}]",2018-08-09,2023-09-25
2018-0310-IRN,No,nat-geo-ear-gro,Natural,Geophysical,Earthquake,Ground movement,,,IRN,Iran (Islamic Republic of),Southern Asia,Asia,Near Javanroud (Kermanshah province),,,No,No,No,,6,Richter,34.663,46.277,,2018,8,26,2018,8,26,2,255,10000,3000,13255,,,,,,,82.4106679610351,"[{""adm2_code"":40980,""adm2_name"":""Javanrud""}]",2018-08-27,2023-09-25
2018-0426-IRN,No,nat-geo-ear-gro,Natural,Geophysical,Earthquake,Ground movement,GLIDE:2017-000415,,IRN,Iran (Islamic Republic of),Southern Asia,Asia,Sarpol-e Zahab (Kermanshah province),,,No,No,No,,6.3,Richter,34.304,45.74,,2018,11,25,2018,11,25,,716,,,716,,,,,10000,12134,82.4106679610351,"[{""adm2_code"":41087,""adm2_name"":""Sar-e pol-e zahab""}]",2018-11-26,2023-09-25
2019-0299-IRN,No,nat-geo-ear-gro,Natural,Geophysical,Earthquake,Ground movement,,,IRN,Iran (Islamic Republic of),Southern Asia,Asia,Masjed Soleyman City (Khuzestan Province),,,No,No,No,,5.7,Richter,31.775,49.542,,2019,7,8,2019,7,8,1,100,,2000,2100,,,,,,,83.9041700601057,"[{""adm2_code"":41032,""adm2_name"":""Masjed-e soleiman""}]",2019-07-09,2023-09-25
2019-0460-PAK,No,nat-geo-ear-gro,Natural,Geophysical,Earthquake,Ground movement,GLIDE:EQ-2019-000117,,PAK,Pakistan,Southern Asia,Asia,Mirpur district (Southern Azad Jammu and Kashmir Territory),,,No,No,No,,5.6,Richter,33.106,73.766,,2019,9,24,2019,9,24,39,746,129652,,130398,,,,,17000,20261,83.9041700601057,"[{""adm2_code"":40413,""adm2_name"":""Administrative unit not available""}]",2019-09-30,2023-09-25
2019-0553-IRN,No,nat-geo-ear-gro,Natural,Geophysical,Earthquake,Ground movement,,,IRN,Iran (Islamic Republic of),Southern Asia,Asia,Varnakesh village (Mianeh County); Torkamanchay City (Mianeh County) - East Azerbaijan Province,,,No,No,No,,5.9,Richter,37.808,47.558,,2019,11,8,2019,11,8,6,584,22500,,23084,,,,,90000,107265,83.9041700601057,"[{""adm2_code"":41038,""adm2_name"":""Mianeh""}]",2019-11-19,2023-09-25
2020-0073-IRN,No,nat-geo-ear-gro,Natural,Geophysical,Earthquake,Ground movement,,,IRN,Iran (Islamic Republic of),Southern Asia,Asia,Azerbadjan-Occidental province,,,No,No,No,,5.8,Richter,38.543,44.447,,2020,2,23,2020,2,23,,75,15000,,15075,,,,,,,84.9391981293886,"[{""adm1_code"":1561,""adm1_name"":""West Azarbayejan""}]",2020-02-28,2023-09-25
