DisNo.,Historic,Classification Key,Disaster Group,Disaster Subgroup,Disaster Type,Disaster Subtype,External IDs,Event Name,ISO,Country,Subregion,Region,Location,Origin,Associated Types,OFDA/BHA Response,Appeal,Declaration,AID Contribution ('000 US$),Magnitude,Magnitude Scale,Latitude,Longitude,River Basin,Start Year,Start Month,Start Day,End Year,End Month,End Day,Total Deaths,No. Injured,No. Affected,No. Homeless,Total Affected,Reconstruction Costs ('000 US$),"Reconstruction Costs, Adjusted ('000 US$)",Insured Damage ('000 US$),"Insured Damage, Adjusted ('000 US$)",Total Damage ('000 US$),"Total Damage, Adjusted ('000 US$)",CPI,Admin Units,Entry Date,Last Update
2000-0009-IRN,No,nat-met-sto-sto,Natural,Meteorological,Storm,Storm (General),,,IRN,Iran (Islamic Republic of),Southern Asia,Asia,Gilan province,,Fire,No,No,No,,120,Kph,,,,2000,1,18,2000,1,18,3,,,5500,5500,,,,,,,56.5142905592776,"[{""adm1_code"":1545,""adm1_name"":""Gilan""}]",2003-07-01,2023-09-25
2000-0146-BGD,No,nat-met-sto-tor,Natural,Meteorological,Storm,Tornado,,,BGD,Bangladesh,Southern Asia,Asia,Natore district (Rajshahi province),,,No,No,No,,,Kph,,,,2000,3,5,2000,3,5,,50,,3000,3050,,,,,,,56.5142905592776,"[{""adm2_code"":5812,""adm2_name"":""Natore""}]",2005-04-24,2023-09-25
2000-0211-BGD,No,nat-met-sto-tro,Natural,Meteorological,Storm,Tropical cyclone,,,BGD,Bangladesh,Southern Asia,Asia,"Alpara, Netrokona Sadar, Kendua, Purbadhala areas (Netrakona district, Dhaka province), Rangpur district (Rangpur province)",,,No,No,No,,120,Kph,,,,2000,4,21,2000,4,21,20,300,,62500,62800,,,,,,,56.5142905592776,"[{""adm2_code"":5790,""adm2_name"":""Netrakona""},{""adm2_code"":5818,""adm2_name"":""Rangpur""}]",2005-04-24,2023-09-25
2000-0229-BGD,No,nat-met-sto-tro,Natural,Meteorological,Storm,Tropical cyclone,,,BGD,Bangladesh,Southern Asia,Asia,"Maulvibazar district (Sylhet province), Netrakona district (Dhaka province)",,,No,No,No,,80,Kph,,,,2000,4,11,2000,4,11,,12,,7000,7012,,,,,,,56.5142905592776,"[{""adm2_code"":5790,""adm2_name"":""Netrakona""},{""adm2_code"":5822,""adm2_name"":""Maulvibazar""}]",2003-07-01,2023-09-25
2000-0283-BGD,No,nat-met-sto-sto,Natural,Meteorological,Storm,Storm (General),,,BGD,Bangladesh,Southern Asia,Asia,"Dhaka, Mymensingh, Tangail, Kishoreganj districts (Dhaka province), Chittagong, Cox's Bazar, Comilla, Chandpur districts (Chittagong province)",,Flood,No,No,No,161,70,Kph,,,"Sangu, Matamuhuri",2000,5,27,2000,6,19,36,,70000,1000,71000,,,,,,,56.5142905592776,"[{""adm2_code"":5769,""adm2_name"":""Chandpur""},{""adm2_code"":5770,""adm2_name"":""Chittagong""},{""adm2_code"":5771,""adm2_name"":""Comilla""},{""adm2_code"":5772,""adm2_name"":""Cox's Bazar""},{""adm2_code"":5778,""adm2_name"":""Dhaka""},{""adm2_code"":5783,""adm2_name"":""Kishoreganj""},{""adm2_code"":5787,""adm2_name"":""Mymensingh""},{""adm2_code"":5794,""adm2_name"":""Tangail""}]",2004-10-25,2023-09-25
2000-0294-BGD,No,nat-met-sto-sto,Natural,Meteorological,Storm,Storm (General),,,BGD,Bangladesh,Southern Asia,Asia,Chittagong province,,,No,No,No,,,Kph,,,,2000,5,23,2000,5,23,28,,,,,,,,,,,56.5142905592776,"[{""adm1_code"":576,""adm1_name"":""Chittagong""}]",2003-07-01,2023-09-25
2000-0323-IND,No,nat-met-sto-tro,Natural,Meteorological,Storm,Tropical cyclone,,,IND,India,Southern Asia,Asia,Andhra Pradesh province,,,No,No,No,4812,100,Kph,,,,2000,10,17,2000,10,17,,,,,,,,,,,,56.5142905592776,"[{""adm1_code"":1485,""adm1_name"":""Andhra Pradesh""}]",2003-07-01,2023-09-25
2000-0631-BGD,No,nat-met-sto-tor,Natural,Meteorological,Storm,Tornado,,,BGD,Bangladesh,Southern Asia,Asia,"Ullahpara area (Sirajganj district, Rajshahi province), Gaurnadi area (Barisal district, Barisal province)",,,No,No,No,,,Kph,,,,2000,6,25,2000,6,25,,37,2500,,2537,,,,,,,56.5142905592776,"[{""adm2_code"":5762,""adm2_name"":""Barisal""},{""adm2_code"":5819,""adm2_name"":""Sirajganj""}]",2003-07-01,2023-09-25
2000-0713-BGD,No,nat-met-sto-tro,Natural,Meteorological,Storm,Tropical cyclone,,,BGD,Bangladesh,Southern Asia,Asia,"Barisal, Barguna, Jhalokati, Bhola, Pirojpur districts (Barisal province), Khulna district (Khulna province), Noakhali, Lakshmipur, Cox's Bazar, Chandpur districts (Chittagong province), Dhaka, Mymensingh, Shariatpur districts (Dhaka province)",,,No,No,No,,100,Kph,,,,2000,10,28,2000,10,28,15,200,,,200,,,,,,,56.5142905592776,"[{""adm2_code"":5761,""adm2_name"":""Barguna""},{""adm2_code"":5762,""adm2_name"":""Barisal""},{""adm2_code"":5763,""adm2_name"":""Bhola""},{""adm2_code"":5764,""adm2_name"":""Jhalokati""},{""adm2_code"":5766,""adm2_name"":""Pirojpur""},{""adm2_code"":5769,""adm2_name"":""Chandpur""},{""adm2_code"":5772,""adm2_name"":""Cox's Bazar""},{""adm2_code"":5775,""adm2_name"":""Lakshmipur""},{""adm2_code"":5776,""adm2_name"":""Noakhali""},{""adm2_code"":5778,""adm2_name"":""Dhaka""},{""adm2_code"":5787,""adm2_name"":""Mymensingh""},{""adm2_code"":5792,""adm2_name"":""Shariatpur""},{""adm2_code"":5799,""adm2_name"":""Khulna""}]",2003-07-01,2023-09-25
2000-0785-IND,No,nat-met-sto-tro,Natural,Meteorological,Storm,Tropical cyclone,,03B,IND,India,Southern Asia,Asia,"Nagappattinam, Thanjavur, Sirkali, Papanasam, Tiruvallur, Tiruvarur areas (Cuddalore district, Tamil Nadu province), Andhra Pradesh province",,,No,No,No,,120,Kph,,,,2000,11,29,2000,11,29,,,30000,,30000,,,,,,,56.5142905592776,"[{""adm1_code"":1485,""adm1_name"":""Andhra Pradesh""},{""adm2_code"":70243,""adm2_name"":""Cuddalore""}]",2003-07-01,2023-09-25
2000-0831-LKA,No,nat-met-sto-tro,Natural,Meteorological,Storm,Tropical cyclone,,04B,LKA,Sri Lanka,Southern Asia,Asia,"Ampara, Batticaloa, Trincomalee districts (Eastern province), Anuradhapura, Polonnaruwa districts (North Central province), Mannar district (Northern province)",,Rain|Surge,Yes,No,No,282,150,Kph,,,,2000,12,24,2000,12,28,5,,375000,,375000,,,,,,,56.5142905592776,"[{""adm2_code"":25832,""adm2_name"":""Ampara""},{""adm2_code"":25833,""adm2_name"":""Batticaloa""},{""adm2_code"":25834,""adm2_name"":""Trincomalee""},{""adm2_code"":25835,""adm2_name"":""Anuradhapura""},{""adm2_code"":25836,""adm2_name"":""Polonnaruwa""},{""adm2_code"":25841,""adm2_name"":""Mannar""}]",2004-10-18,2023-09-25
2001-0198-BGD,No,nat-met-sto-tro,Natural,Meteorological,Storm,Tropical cyclone,,,BGD,Bangladesh,Southern Asia,Asia,"Mymensingh, Netrakona, Tangail, Gopalganj districts (Dhaka province), Naogaon district (Rajshahi province), Maulvibazar district (Sylhet province), Chuadanga, Jhenaidah, Meherpur districts (Khulna province), Gaibandha district (Rangpur province), Patuakhali district (Barisal province), Noakhali district (Chittagong province)",,,No,No,No,,100,Kph,,,,2001,5,11,2001,5,11,12,200,,,200,,,,,,,58.1114743743821,"[{""adm2_code"":5765,""adm2_name"":""Patuakhali""},{""adm2_code"":5776,""adm2_name"":""Noakhali""},{""adm2_code"":5781,""adm2_name"":""Gopalganj""},{""adm2_code"":5787,""adm2_name"":""Mymensingh""},{""adm2_code"":5790,""adm2_name"":""Netrakona""},{""adm2_code"":5794,""adm2_name"":""Tangail""},{""adm2_code"":5796,""adm2_name"":""Chuadanga""},{""adm2_code"":5798,""adm2_name"":""Jhenaidah""},{""adm2_code"":5802,""adm2_name"":""Meherpur""},{""adm2_code"":5822,""adm2_name"":""Maulvibazar""},{""adm2_code"":5811,""adm2_name"":""Naogaon""},{""adm2_code"":5807,""adm2_name"":""Gaibandha""}]",2003-07-01,2023-09-25
2001-0202-BGD,No,nat-met-sto-tro,Natural,Meteorological,Storm,Tropical cyclone,,,BGD,Bangladesh,Southern Asia,Asia,"Patuakhali district (Barisal province), Satkhira district (Khulna province)",,,No,No,No,,,Kph,,,,2001,4,1,2001,4,1,193,2000,500,,2500,,,,,,,58.1114743743821,"[{""adm2_code"":5765,""adm2_name"":""Patuakhali""},{""adm2_code"":5804,""adm2_name"":""Satkhira""}]",2003-07-01,2023-09-25
2001-0267-PAK,No,nat-met-sto-tor,Natural,Meteorological,Storm,Tornado,,,PAK,Pakistan,Southern Asia,Asia,"Chak Miran borough (Lahore City Tehsil area, Lahore District district, Punjab province)",,,No,No,No,,,Kph,,,,2001,3,28,2001,3,28,4,,,500,500,,,,,,,58.1114743743821,"[{""adm2_code"":23666,""adm2_name"":""Lahore District""}]",2003-07-01,2023-09-25
2001-0273-BGD,No,nat-met-sto-sto,Natural,Meteorological,Storm,Storm (General),,,BGD,Bangladesh,Southern Asia,Asia,"Sirajganj, Pabna districts (Rajshahi province), Sylhet district (Sylhet province)",,,No,No,No,,80,Kph,,,,2001,4,28,2001,4,28,21,100,500,,600,,,,,,,58.1114743743821,"[{""adm2_code"":5824,""adm2_name"":""Sylhet""},{""adm2_code"":5815,""adm2_name"":""Pabna""},{""adm2_code"":5819,""adm2_name"":""Sirajganj""}]",2003-07-01,2023-09-25
2001-0337-IND,No,nat-met-sto-lig,Natural,Meteorological,Storm,Lightning/Thunderstorms,,,IND,India,Southern Asia,Asia,Uttar Pradesh province,,,No,No,No,,,Kph,,,,2001,5,24,2001,5,24,21,,,,,,,,,,,58.1114743743821,"[{""adm1_code"":70081,""adm1_name"":""Uttar Pradesh""}]",2003-07-01,2023-09-25
2001-0563-BGD,No,nat-met-sto-tor,Natural,Meteorological,Storm,Tornado,,,BGD,Bangladesh,Southern Asia,Asia,"Lalmonirhat, Nilphamari, Gaibandha, Rangpur districts (Rangpur province)",,,No,No,No,,150,Kph,,,,2001,10,5,2001,10,5,12,450,25000,,25450,,,,,,,58.1114743743821,"[{""adm2_code"":5807,""adm2_name"":""Gaibandha""},{""adm2_code"":5810,""adm2_name"":""Lalmonirhat""},{""adm2_code"":5814,""adm2_name"":""Nilphamari""},{""adm2_code"":5818,""adm2_name"":""Rangpur""}]",2003-07-01,2023-09-25
2001-0584-IND,No,nat-met-sto-tro,Natural,Meteorological,Storm,Tropical cyclone,,,IND,India,Southern Asia,Asia,Andhra Pradesh province,,,No,No,No,,,Kph,,,,2001,10,,2001,10,,78,,25000,2000,27000,,,,,,,58.1114743743821,"[{""adm1_code"":1485,""adm1_name"":""Andhra Pradesh""}]",2003-07-01,2023-09-25
2001-0729-IND,No,nat-met-sto-tro,Natural,Meteorological,Storm,Tropical cyclone,,01A,IND,India,Southern Asia,Asia,"Gujarat, Goa, Maharashtra, Kerala provinces",,,No,No,No,,80,Kph,,,,2001,5,28,2001,5,28,,,,,,,,,,,,58.1114743743821,"[{""adm1_code"":1490,""adm1_name"":""Goa""},{""adm1_code"":1491,""adm1_name"":""Gujarat""},{""adm1_code"":1495,""adm1_name"":""Kerala""},{""adm1_code"":1498,""adm1_name"":""Maharashtra""}]",2003-07-01,2023-09-25
2002-0204-IND,No,nat-met-sto-tro,Natural,Meteorological,Storm,Tropical cyclone,,,IND,India,Southern Asia,Asia,West Bengal province,,,No,No,No,,,Kph,,,,2002,4,3,2002,4,3,9,50,,5000,5050,,,,,416,705,59.0331440786142,"[{""adm1_code"":1511,""adm1_name"":""West Bengal""}]",2003-07-01,2023-09-25
2002-0211-BGD,No,nat-met-sto-sto,Natural,Meteorological,Storm,Storm (General),,,BGD,Bangladesh,Southern Asia,Asia,Cox's Bazar district (Chittagong province),,,No,No,No,,90,Kph,,,,2002,3,25,2002,3,25,32,,,1000,1000,,,,,,,59.0331440786142,"[{""adm2_code"":5772,""adm2_name"":""Cox's Bazar""}]",2003-07-01,2023-09-25
2002-0216-IND,No,nat-met-sto-hai,Natural,Meteorological,Storm,Hail,,,IND,India,Southern Asia,Asia,Orissa province,,,No,No,No,,,Kph,,,,2002,4,11,2002,4,11,,200,10000,,10200,,,,,,,59.0331440786142,"[{""adm1_code"":1504,""adm1_name"":""Orissa""}]",2003-07-01,2023-09-25
2002-0233-BGD,No,nat-met-sto-tro,Natural,Meteorological,Storm,Tropical cyclone,,,BGD,Bangladesh,Southern Asia,Asia,"Gaibandha, Lalmonirhat, Nilphamari, Rangpur, Kurigram districts (Rangpur province), Bogra, Sirajganj districts (Rajshahi province), Netrakona, Kishoreganj districts (Dhaka province)",,,No,No,No,269,,Kph,,,,2002,4,22,2002,4,22,31,400,100000,,100400,,,,,,,59.0331440786142,"[{""adm2_code"":5783,""adm2_name"":""Kishoreganj""},{""adm2_code"":5790,""adm2_name"":""Netrakona""},{""adm2_code"":5805,""adm2_name"":""Bogra""},{""adm2_code"":5819,""adm2_name"":""Sirajganj""},{""adm2_code"":5807,""adm2_name"":""Gaibandha""},{""adm2_code"":5809,""adm2_name"":""Kurigram""},{""adm2_code"":5810,""adm2_name"":""Lalmonirhat""},{""adm2_code"":5814,""adm2_name"":""Nilphamari""},{""adm2_code"":5818,""adm2_name"":""Rangpur""}]",2005-04-19,2023-09-25
2002-0308-IND,No,nat-met-sto-lig,Natural,Meteorological,Storm,Lightning/Thunderstorms,,,IND,India,Southern Asia,Asia,"Gobalpur area (Hugli district, West Bengal), Kolkata, Jalpaiguri, Darjiling districts (West Bengal province)",,,No,No,No,,80,Kph,,,,2002,4,27,2002,4,27,11,,,,,,,,,,,59.0331440786142,"[{""adm2_code"":17948,""adm2_name"":""Darjiling""},{""adm2_code"":17950,""adm2_name"":""Hugli""},{""adm2_code"":17951,""adm2_name"":""Jalpaiguri""},{""adm2_code"":70292,""adm2_name"":""Kolkata""}]",2003-07-01,2023-09-25
2002-0330-PAK,No,nat-met-sto-sev,Natural,Meteorological,Storm,Severe weather,,,PAK,Pakistan,Southern Asia,Asia,Punjab province,,,No,No,No,,,Kph,,,,2002,5,27,2002,5,27,14,12,,,12,,,,,,,59.0331440786142,"[{""adm1_code"":2276,""adm1_name"":""Punjab""}]",2003-07-01,2023-09-25
2002-0425-BGD,No,nat-met-sto-sto,Natural,Meteorological,Storm,Storm (General),,,BGD,Bangladesh,Southern Asia,Asia,Rajshahi district (Rajshahi province),,,No,No,No,,,Kph,,,,2002,7,14,2002,7,14,10,,,,,,,,,,,59.0331440786142,"[{""adm2_code"":5817,""adm2_name"":""Rajshahi""}]",2003-07-01,2023-09-25
2002-0702-IND,No,nat-met-sto-tro,Natural,Meteorological,Storm,Tropical cyclone,,,IND,India,Southern Asia,Asia,"Baleshwar, Bhadrak, Jagatsinghpur, Kendrapara districts (Orissa province), East Midnapore, North 24 Parganas, South 24 Parganas (West Bengal province)",,,No,No,No,,60,Kph,,,,2002,11,13,2002,11,13,124,,,,,,,,,,,59.0331440786142,"[{""adm2_code"":70207,""adm2_name"":""Baleshwar""},{""adm2_code"":70209,""adm2_name"":""Bhadrak""},{""adm2_code"":70214,""adm2_name"":""Jagatsinghpur""},{""adm2_code"":70218,""adm2_name"":""Kendrapara""},{""adm2_code"":70291,""adm2_name"":""East Midnapore""},{""adm2_code"":70293,""adm2_name"":""North 24 Parganas""},{""adm2_code"":70294,""adm2_name"":""South 24 Parganas""}]",2003-07-01,2023-09-25
2002-0705-BGD,No,nat-met-sto-tro,Natural,Meteorological,Storm,Tropical cyclone,,,BGD,Bangladesh,Southern Asia,Asia,Barguna district (Barisal province),,,No,No,No,,85,Kph,,,,2002,11,14,2002,11,14,49,,,,,,,,,,,59.0331440786142,"[{""adm2_code"":5761,""adm2_name"":""Barguna""}]",2003-07-01,2023-09-25
2003-0086-PAK,No,nat-met-sto-sto,Natural,Meteorological,Storm,Storm (General),,,PAK,Pakistan,Southern Asia,Asia,"Balochistan, Sindh, North-West Frontier, Punjab, Azad Jammu and Kashmir (40408) provinces",Heavy rain,,No,No,Yes,,,Kph,,,,2003,2,16,2003,2,22,51,57,,2500,2557,,,,,,,60.3732510662594,"[{""adm1_code"":2272,""adm1_name"":""Balochistan""},{""adm1_code"":2275,""adm1_name"":""North-West Frontier""},{""adm1_code"":2276,""adm1_name"":""Punjab""},{""adm1_code"":2277,""adm1_name"":""Sindh""},{""adm1_code"":40408,""adm1_name"":""Administrative unit not available""}]",2004-02-27,2023-11-10
2003-0089-IND,No,nat-met-sto-sto,Natural,Meteorological,Storm,Storm (General),,,IND,India,Southern Asia,Asia,Betul district (Madhya Pradesh province),,,No,No,No,,0,Kph,,,,2003,2,17,2003,2,17,20,,,200,200,,,,,,,60.3732510662594,"[{""adm2_code"":17714,""adm2_name"":""Betul""}]",2003-09-05,2023-09-25
2003-0099-IND,No,nat-met-sto-sto,Natural,Meteorological,Storm,Storm (General),,,IND,India,Southern Asia,Asia,"Jammu and Kashmir (40424 to 40431), Punjab, Haryana provinces",,Hail,No,No,No,,0,Kph,,,,2003,2,19,2003,2,19,14,4,,,4,,,,,,,60.3732510662594,"[{""adm1_code"":1492,""adm1_name"":""Haryana""},{""adm1_code"":1505,""adm1_name"":""Punjab""},{""adm1_code"":40424,""adm1_name"":""Administrative unit not available""},{""adm1_code"":40425,""adm1_name"":""Administrative unit not available""},{""adm1_code"":40426,""adm1_name"":""Administrative unit not available""},{""adm1_code"":40427,""adm1_name"":""Administrative unit not available""},{""adm1_code"":40428,""adm1_name"":""Administrative unit not available""},{""adm1_code"":40429,""adm1_name"":""Administrative unit not available""},{""adm1_code"":40430,""adm1_name"":""Administrative unit not available""},{""adm1_code"":40431,""adm1_name"":""Administrative unit not available""}]",2003-09-05,2023-09-25
2003-0100-IND,No,nat-met-sto-tro,Natural,Meteorological,Storm,Tropical cyclone,,,IND,India,Southern Asia,Asia,Gujarat province,,,No,No,No,,0,Kph,,,,2003,2,18,2003,2,18,5,,140,,140,,,,,,,60.3732510662594,"[{""adm1_code"":1491,""adm1_name"":""Gujarat""}]",2003-09-05,2023-09-25
2003-0134-IND,No,nat-met-sto-hai,Natural,Meteorological,Storm,Hail,,,IND,India,Southern Asia,Asia,"Bankura, Hugli, Haora districts (West Bengal province)",,,No,No,No,,0,Kph,,,,2003,3,12,2003,3,12,30,500,294765,190645,485910,,,,,16000,26502,60.3732510662594,"[{""adm2_code"":17945,""adm2_name"":""Bankura""},{""adm2_code"":17949,""adm2_name"":""Haora""},{""adm2_code"":17950,""adm2_name"":""Hugli""}]",2003-10-03,2023-09-25
2003-0182-IND,No,nat-met-sto-tro,Natural,Meteorological,Storm,Tropical cyclone,,,IND,India,Southern Asia,Asia,"Chirakhawa, Chirakhawa Topopara, Peepulbari part 1, Peepulbari part 2, Bhurakata, Baliabeel, Bengerbhita, Baushkata areas (Dhuburi district, Assam province)",,Rain,No,No,No,,100,Kph,,,,2003,4,22,2003,4,22,45,4000,,600,4600,,,,,,,60.3732510662594,"[{""adm2_code"":17579,""adm2_name"":""Dhuburi""}]",2004-03-10,2023-09-25
2003-0190-BGD,No,nat-met-sto-sto,Natural,Meteorological,Storm,Storm (General),,,BGD,Bangladesh,Southern Asia,Asia,Dhaka province,,,No,No,No,,100,Kph,,,,2003,4,16,2003,4,16,9,20,,,20,,,,,,,60.3732510662594,"[{""adm1_code"":577,""adm1_name"":""Dhaka""}]",2003-10-07,2023-09-25
2003-0211-BGD,No,nat-met-sto-tro,Natural,Meteorological,Storm,Tropical cyclone,,,BGD,Bangladesh,Southern Asia,Asia,"Noabadi, Nayabadi, Merashani villages (Brahamanbaria district, Chittagong)",,"Hail|Slide (land, mud, snow, rock)",No,No,No,,120,Kph,,,,2003,5,4,2003,5,4,23,400,,,400,,,,,,,60.3732510662594,"[{""adm2_code"":5768,""adm2_name"":""Brahamanbaria""}]",2004-03-09,2023-09-25
2003-0234-IND,No,nat-met-sto-tro,Natural,Meteorological,Storm,Tropical cyclone,,,IND,India,Southern Asia,Asia,"Mekhliganj, Haldibari, Fukaldabri, Nijtaraf, Kasiabari, Bholarhat, Beltali areas (Kochbihar district, West Bengal province)",,,No,No,No,,0,Kph,,,,2003,4,12,2003,4,12,,60,,400,460,,,,,,,60.3732510662594,"[{""adm2_code"":17952,""adm2_name"":""Kochbihar""}]",2003-10-08,2023-09-25
2003-0605-IND,No,nat-met-sto-tro,Natural,Meteorological,Storm,Tropical cyclone,,,IND,India,Southern Asia,Asia,"Krishna, Guntur, West Godavari districts (Andhra Pradesh province)",,Cold wave|Rain,No,No,No,,100,Kph,,,1214,2003,12,17,2003,12,17,50,,,40000,40000,,,,,28000,46378,60.3732510662594,"[{""adm2_code"":17552,""adm2_name"":""Guntur""},{""adm2_code"":17556,""adm2_name"":""Krishna""},{""adm2_code"":17569,""adm2_name"":""West Godavari""}]",2004-03-02,2023-09-25
2003-0779-BGD,No,nat-met-sto-tro,Natural,Meteorological,Storm,Tropical cyclone,,,BGD,Bangladesh,Southern Asia,Asia,Barguna district (Barisal province),,,No,No,No,,,Kph,,,,2003,12,20,2003,12,20,28,,,,,,,,,,,60.3732510662594,"[{""adm2_code"":5761,""adm2_name"":""Barguna""}]",2004-03-10,2023-09-25
2004-0084-IRN,No,nat-met-sto-sto,Natural,Meteorological,Storm,Storm (General),,,IRN,Iran (Islamic Republic of),Southern Asia,Asia,Astara district (Gilan province),,,No,No,No,,,Kph,,,,2004,2,15,2004,2,15,,,2500,,2500,,,,,240,387,61.9895859343217,"[{""adm2_code"":40884,""adm2_name"":""Astara""}]",2004-02-27,2023-09-25
2004-0166-BGD,No,nat-met-sto-tor,Natural,Meteorological,Storm,Tornado,,,BGD,Bangladesh,Southern Asia,Asia,"Mymensingh, Netrakona districts (Dhaka province)",,,No,Yes,No,,120,Kph,,,,2004,4,14,2004,4,15,76,3000,,10000,13000,,,,,,,61.9895859343217,"[{""adm2_code"":5787,""adm2_name"":""Mymensingh""},{""adm2_code"":5790,""adm2_name"":""Netrakona""}]",2004-04-22,2023-09-25
2004-0286-BGD,No,nat-met-sto-sto,Natural,Meteorological,Storm,Storm (General),,,BGD,Bangladesh,Southern Asia,Asia,"Cox's Bazar, Tekhnaf areas (Cox's Bazar district, Chittagong province)",,Surge,No,No,No,,,Kph,,,,2004,6,12,2004,6,13,153,,50,,50,,,,,,,61.9895859343217,"[{""adm2_code"":5772,""adm2_name"":""Cox's Bazar""}]",2004-07-01,2023-09-25
2004-0678-BGD,No,nat-met-sto-tor,Natural,Meteorological,Storm,Tornado,,,BGD,Bangladesh,Southern Asia,Asia,Sylhet province,,,No,No,No,,,Kph,,,,2004,5,13,2004,5,13,10,50,,4000,4050,,,,,,,61.9895859343217,"[{""adm1_code"":580,""adm1_name"":""Sylhet""}]",2005-03-08,2023-09-25
2004-0679-BGD,No,nat-met-sto-sto,Natural,Meteorological,Storm,Storm (General),,,BGD,Bangladesh,Southern Asia,Asia,Sunamganj district (Sylhet province),,,No,No,No,,,Kph,,,,2004,7,17,2004,7,17,,100,1000,,1100,,,,,,,61.9895859343217,"[{""adm2_code"":5823,""adm2_name"":""Sunamganj""}]",2005-03-09,2023-09-25
2005-0044-AFG,No,nat-met-sto-sto,Natural,Meteorological,Storm,Storm (General),,,AFG,Afghanistan,Southern Asia,Asia,"Badakhshan, Daykundi, Ghazni, Paktika, Ghor, Zabul, Uruzgan, Wardak provinces",,Cold wave,Yes,No,No,850,,Kph,,,,2005,1,,2005,2,,260,,22656,,22656,,,,,5000,7801,64.0927402574269,"[{""adm1_code"":272,""adm1_name"":""Badakhshan""},{""adm1_code"":279,""adm1_name"":""Ghazni""},{""adm1_code"":280,""adm1_name"":""Ghor""},{""adm1_code"":295,""adm1_name"":""Paktika""},{""adm1_code"":302,""adm1_name"":""Wardak""},{""adm1_code"":303,""adm1_name"":""Zabul""},{""adm1_code"":99878,""adm1_name"":""Daykundi""},{""adm1_code"":99881,""adm1_name"":""Uruzgan""}]",2005-12-19,2023-09-25
2005-0044-PAK,No,nat-met-sto-sto,Natural,Meteorological,Storm,Storm (General),,,PAK,Pakistan,Southern Asia,Asia,"Lwargi village (Datta Khel Tehsil area, North Waziristan Agency district, Federally Administered Tribal Areas province)",,Cold wave,No,No,No,,,Kph,,,,2005,1,,2005,1,,58,,,,,,,,,,,64.0927402574269,"[{""adm2_code"":40319,""adm2_name"":""North Waziristan Agency""}]",2005-07-28,2023-09-25
2005-0084-IRN,No,nat-met-sto-sto,Natural,Meteorological,Storm,Storm (General),,,IRN,Iran (Islamic Republic of),Southern Asia,Asia,Gilan province,,,No,No,No,,,Kph,,,,2005,2,13,2005,2,13,,,8000,,8000,,,,,,,64.0927402574269,"[{""adm1_code"":1545,""adm1_name"":""Gilan""}]",2005-03-28,2023-09-25
2005-0130-BGD,No,nat-met-sto-tor,Natural,Meteorological,Storm,Tornado,,,BGD,Bangladesh,Southern Asia,Asia,"Gaibandha, Rangpur districts (Rangpur province), Chandpur district (Chittagong province), Habiganj district (Sylhet province), Faridpur, Kishoreganj, Manikganj, Munshiganj districts (Dhaka province)",,Rain,No,No,No,,100,Kph,,,,2005,3,20,2005,3,23,79,1500,,10000,11500,,,,,,,64.0927402574269,"[{""adm2_code"":5769,""adm2_name"":""Chandpur""},{""adm2_code"":5779,""adm2_name"":""Faridpur""},{""adm2_code"":5783,""adm2_name"":""Kishoreganj""},{""adm2_code"":5785,""adm2_name"":""Manikganj""},{""adm2_code"":5786,""adm2_name"":""Munshiganj""},{""adm2_code"":5821,""adm2_name"":""Habiganj""},{""adm2_code"":5807,""adm2_name"":""Gaibandha""},{""adm2_code"":5818,""adm2_name"":""Rangpur""}]",2005-03-24,2023-09-25
2005-0190-BGD,No,nat-met-sto-tro,Natural,Meteorological,Storm,Tropical cyclone,,,BGD,Bangladesh,Southern Asia,Asia,"Manikganj district (Dhaka province), Natore, Sirajganj, Pabna districts (Rajshahi province)",,,No,No,No,,,Kph,,,,2005,3,31,2005,3,31,24,500,,10000,10500,,,,,,,64.0927402574269,"[{""adm2_code"":5785,""adm2_name"":""Manikganj""},{""adm2_code"":5812,""adm2_name"":""Natore""},{""adm2_code"":5815,""adm2_name"":""Pabna""},{""adm2_code"":5819,""adm2_name"":""Sirajganj""}]",2005-04-11,2023-09-25
2005-0191-IND,No,nat-met-sto-sto,Natural,Meteorological,Storm,Storm (General),,,IND,India,Southern Asia,Asia,"Barddhaman, North 24 Parganas, South 24 Parganas districts (West Bengal province)",,Hail|Rain,No,No,No,,,Kph,,,,2005,3,23,2005,3,24,18,50,,7500,7550,,,,,,,64.0927402574269,"[{""adm2_code"":17946,""adm2_name"":""Barddhaman""},{""adm2_code"":70293,""adm2_name"":""North 24 Parganas""},{""adm2_code"":70294,""adm2_name"":""South 24 Parganas""}]",2005-04-11,2023-09-25
2005-0259-BGD,No,nat-met-sto-sto,Natural,Meteorological,Storm,Storm (General),,,BGD,Bangladesh,Southern Asia,Asia,"Lakshmipur, Cox's Bazar districts (Chittagong province), Rajbari district (Dhaka province)",,,No,No,No,,,Kph,,,,2005,5,21,2005,5,22,10,6,,,6,,,,,,,64.0927402574269,"[{""adm2_code"":5772,""adm2_name"":""Cox's Bazar""},{""adm2_code"":5775,""adm2_name"":""Lakshmipur""},{""adm2_code"":5791,""adm2_name"":""Rajbari""}]",2005-06-08,2023-09-25
2005-0273-BGD,No,nat-met-sto-sto,Natural,Meteorological,Storm,Storm (General),,,BGD,Bangladesh,Southern Asia,Asia,Pabna district (Rajshahi province),,,No,No,No,,,Kph,,,,2005,5,14,2005,5,14,2,100,,,100,,,,,,,64.0927402574269,"[{""adm2_code"":5815,""adm2_name"":""Pabna""}]",2005-06-08,2023-09-25
2005-0282-BGD,No,nat-met-sto-sto,Natural,Meteorological,Storm,Storm (General),,,BGD,Bangladesh,Southern Asia,Asia,"Rangpur, Dinadjpur districts (Rangpur province)",,,No,No,No,,,Kph,,,,2005,5,6,2005,5,6,11,,,1500,1500,,,,,,,64.0927402574269,"[{""adm2_code"":5806,""adm2_name"":""Dinajpur""},{""adm2_code"":5818,""adm2_name"":""Rangpur""}]",2005-06-03,2023-09-25
2005-0290-IND,No,nat-met-sto-sto,Natural,Meteorological,Storm,Storm (General),,,IND,India,Southern Asia,Asia,"Guntur, Krishna, Srikakulam, Karimnagar, Nalgonda districts (Andhra Pradesh province)",,,No,No,No,,,Kph,,,,2005,5,1,2005,5,1,20,20,,,20,,,,,,,64.0927402574269,"[{""adm2_code"":17552,""adm2_name"":""Guntur""},{""adm2_code"":17554,""adm2_name"":""Karimnagar""},{""adm2_code"":17556,""adm2_name"":""Krishna""},{""adm2_code"":17560,""adm2_name"":""Nalgonda""},{""adm2_code"":17565,""adm2_name"":""Srikakulam""}]",2005-06-08,2023-09-25
2005-0291-IND,No,nat-met-sto-sto,Natural,Meteorological,Storm,Storm (General),,,IND,India,Southern Asia,Asia,Kolkata district (West Bengal province),,,No,No,No,,,Kph,,,,2005,5,4,2005,5,4,11,20,,,20,,,,,,,64.0927402574269,"[{""adm2_code"":70292,""adm2_name"":""Kolkata""}]",2005-06-08,2023-09-25
2005-0391-BGD,No,nat-met-sto-sto,Natural,Meteorological,Storm,Storm (General),,,BGD,Bangladesh,Southern Asia,Asia,Cox's Bazar district (Chittagong province),,,No,No,No,,,Kph,,,,2005,6,30,2005,6,30,35,,,,,,,,,,,64.0927402574269,"[{""adm2_code"":5772,""adm2_name"":""Cox's Bazar""}]",2005-07-22,2023-09-25
2005-0537-BGD,No,nat-met-sto-sto,Natural,Meteorological,Storm,Storm (General),,,BGD,Bangladesh,Southern Asia,Asia,"Barisal, Chittagong, Khulna provinces",,,No,No,No,,,Kph,,,,2005,9,20,2005,9,20,16,,12000,,12000,,,,,,,64.0927402574269,"[{""adm1_code"":575,""adm1_name"":""Barisal""},{""adm1_code"":576,""adm1_name"":""Chittagong""},{""adm1_code"":578,""adm1_name"":""Khulna""}]",2005-09-21,2023-09-25
2005-0537-IND,No,nat-met-sto-sto,Natural,Meteorological,Storm,Storm (General),,,IND,India,Southern Asia,Asia,"Andhra Pradesh, Orissa provinces",,,No,No,No,,,Kph,,,,2005,9,20,2005,9,20,33,,11000,50000,61000,,,,,,,64.0927402574269,"[{""adm1_code"":1485,""adm1_name"":""Andhra Pradesh""},{""adm1_code"":1504,""adm1_name"":""Orissa""}]",2005-09-28,2023-09-25
2006-0029-AFG,No,nat-met-sto-sto,Natural,Meteorological,Storm,Storm (General),,,AFG,Afghanistan,Southern Asia,Asia,"Deh Mardi, Deh Yak villages (Sancharak district, Sar-e-Pul province), Gholdori, Aular village (Kohestanat district, Sar-e-Pul province), Lash-e-Juwayn district (Farah province), Kandahar province",,Cold wave|Rain,No,No,No,,,Kph,,,,2006,1,1,2006,2,,29,,,,,,,,,,,66.1603305617979,"[{""adm1_code"":285,""adm1_name"":""Kandahar""},{""adm2_code"":3502,""adm2_name"":""Lash-e-Juwayn""},{""adm2_code"":3730,""adm2_name"":""Kohestanat""},{""adm2_code"":99982,""adm2_name"":""Sancharak(sangchark)""}]",2006-03-20,2023-09-25
2006-0068-AFG,No,nat-met-sto-bli,Natural,Meteorological,Storm,Blizzard/Winter storm,,,AFG,Afghanistan,Southern Asia,Asia,Badakhshan province,,,No,No,No,,,Kph,,,,2006,2,,2006,2,,42,,,,,,,,,,,66.1603305617979,"[{""adm1_code"":272,""adm1_name"":""Badakhshan""}]",2006-02-06,2023-09-25
2006-0146-BGD,No,nat-met-sto-tor,Natural,Meteorological,Storm,Tornado,,,BGD,Bangladesh,Southern Asia,Asia,"Bagerhat, Khulna districts (Khulna province)",,,No,No,No,,150,Kph,,,,2006,3,4,2006,3,4,4,549,5350,,5899,,,,,,,66.1603305617979,"[{""adm2_code"":5795,""adm2_name"":""Bagerhat""},{""adm2_code"":5799,""adm2_name"":""Khulna""}]",2007-03-09,2023-09-25
2006-0510-BGD,No,nat-met-sto-tro,Natural,Meteorological,Storm,Tropical cyclone,,,BGD,Bangladesh,Southern Asia,Asia,"Hatiya area (Noakhali district, Chittagong province), Bagerhat district (Khulna province), Patuakhali, Barguna districts (Barisal province)",,Flood,No,No,No,,,Kph,19.73,83.75,,2006,9,18,2006,10,5,115,,9135,,9135,,,,,,,66.1603305617979,"[{""adm2_code"":5761,""adm2_name"":""Barguna""},{""adm2_code"":5765,""adm2_name"":""Patuakhali""},{""adm2_code"":5776,""adm2_name"":""Noakhali""},{""adm2_code"":5795,""adm2_name"":""Bagerhat""}]",2007-01-09,2023-09-25
2006-0510-IND,No,nat-met-sto-tro,Natural,Meteorological,Storm,Tropical cyclone,,,IND,India,Southern Asia,Asia,"Andhra Pradesh, West Bengal, Bihar provinces",Monsoonal rain,Flood,No,No,No,,,Kph,19.73,83.75,,2006,9,18,2006,10,5,114,300,,150000,150300,,,,,,,66.1603305617979,"[{""adm1_code"":1485,""adm1_name"":""Andhra Pradesh""},{""adm1_code"":1511,""adm1_name"":""West Bengal""},{""adm1_code"":70073,""adm1_name"":""Bihar""}]",2007-01-07,2023-09-25
2006-0737-BGD,No,nat-met-sto-tro,Natural,Meteorological,Storm,Tropical cyclone,,,BGD,Bangladesh,Southern Asia,Asia,Dhaka province,,,No,No,No,,,Kph,,,,2006,4,5,2006,4,6,9,65,,1400,1465,,,,,,,66.1603305617979,"[{""adm1_code"":577,""adm1_name"":""Dhaka""}]",2007-03-09,2023-09-25
2006-0738-BGD,No,nat-met-sto-tro,Natural,Meteorological,Storm,Tropical cyclone,,,BGD,Bangladesh,Southern Asia,Asia,"Tangail district (Dhaka province), Sirajganj district (Rajshahi province)",,Flood,No,No,No,,,Kph,,,,2006,4,8,2006,4,8,22,500,,1000,1500,,,,,,,66.1603305617979,"[{""adm2_code"":5794,""adm2_name"":""Tangail""},{""adm2_code"":5819,""adm2_name"":""Sirajganj""}]",2007-03-09,2023-09-25
2006-0739-BGD,No,nat-met-sto-sto,Natural,Meteorological,Storm,Storm (General),,,BGD,Bangladesh,Southern Asia,Asia,"Rajshahi, Khulna provinces",,Hail,No,No,No,,,Kph,,,,2006,4,22,2006,4,24,4,150,,,150,,,,,,,66.1603305617979,"[{""adm1_code"":578,""adm1_name"":""Khulna""},{""adm1_code"":61362,""adm1_name"":""Rajshahi""}]",2007-03-09,2023-09-25
2006-0740-IND,No,nat-met-sto-lig,Natural,Meteorological,Storm,Lightning/Thunderstorms,,,IND,India,Southern Asia,Asia,"Uttar Pradesh, Gujarat provinces",,Rain,No,No,No,,,Kph,,,,2006,5,2,2006,5,2,76,,,,,,,,,,,66.1603305617979,"[{""adm1_code"":1491,""adm1_name"":""Gujarat""},{""adm1_code"":70081,""adm1_name"":""Uttar Pradesh""}]",2007-03-09,2023-09-25
2007-0164-IRN,No,nat-met-sto-tro,Natural,Meteorological,Storm,Tropical cyclone,GLIDE:TC-2007-000075,Cyclone 'Gonu',IRN,Iran (Islamic Republic of),Southern Asia,Asia,"Ghalehganj villages (Kahnug district, Kerman province), Chahbahar, Zarabad, Konarak, Kahir villages (Chahbahar district, Sistan-o baluchestan province), Sarbaz, Iranshahr villages (Iranshahr district, Sistan-o baluchestan province), Zahedan, Khash, Saravan, Nikshahr districts (Sistan-o baluchestan province), Jask, Bandar-e abbas, Geshm districts (Hormozgan province)",,Flood,No,No,No,,220,Kph,,,,2007,6,6,2007,6,10,12,9,185000,,185009,,,,,,,68.0476738315874,"[{""adm2_code"":40896,""adm2_name"":""Bandar-e abbas""},{""adm2_code"":40963,""adm2_name"":""Geshm""},{""adm2_code"":40979,""adm2_name"":""Jask""},{""adm2_code"":40985,""adm2_name"":""Kahnug""},{""adm2_code"":40918,""adm2_name"":""Chahbahar""},{""adm2_code"":40976,""adm2_name"":""Iranshahr""},{""adm2_code"":40997,""adm2_name"":""Khash""},{""adm2_code"":41051,""adm2_name"":""Nikshahr""},{""adm2_code"":41090,""adm2_name"":""Saravan""},{""adm2_code"":41139,""adm2_name"":""Zahedan""}]",2008-08-04,2023-09-25
2007-0227-BGD,No,nat-met-sto-tro,Natural,Meteorological,Storm,Tropical cyclone,GLIDE:TC-2007-000060,,BGD,Bangladesh,Southern Asia,Asia,"Cox's Bazar, Chittagong districts (Chittagong province)",,,No,No,No,,88,Kph,,,,2007,5,15,2007,5,15,41,,,225,225,,,,,,,68.0476738315874,"[{""adm2_code"":5770,""adm2_name"":""Chittagong""},{""adm2_code"":5772,""adm2_name"":""Cox's Bazar""}]",2008-08-04,2023-09-25
2007-0245-PAK,No,nat-met-sto-tro,Natural,Meteorological,Storm,Tropical cyclone,GLIDE:TC-2007-000084,Cyclone 'Yemyin',PAK,Pakistan,Southern Asia,Asia,"Balochistan, Sindh, North-West Frontier provinces",,Broken Dam/Burst bank|Flood,No,No,No,35048,,Kph,25.26,67.9,,2007,6,26,2007,7,6,242,,1650000,,1650000,,,,,1620000,2380684,68.0476738315874,"[{""adm1_code"":2272,""adm1_name"":""Balochistan""},{""adm1_code"":2275,""adm1_name"":""North-West Frontier""},{""adm1_code"":2277,""adm1_name"":""Sindh""}]",2008-08-04,2023-09-25
2007-0556-BGD,No,nat-met-sto-tro,Natural,Meteorological,Storm,Tropical cyclone,GLIDE:TC-2007-000208,Cyclone 'Sidr',BGD,Bangladesh,Southern Asia,Asia,"Bagerhat, Khulna, Satkhira districts (Khulna province), Patuakhali, Barguna, Pirojpur, Barisal, Jhalokati, Bhola districts (Barisal province), Madaripur, Gopalganj, Shariatpur districts (Dhaka province)",,Flood,Yes,No,No,215214,250,Kph,22.61,90.15,,2007,11,15,2007,11,19,4234,55282,8923259,,8978541,,,,,2300000,3379983,68.0476738315874,"[{""adm2_code"":5761,""adm2_name"":""Barguna""},{""adm2_code"":5762,""adm2_name"":""Barisal""},{""adm2_code"":5763,""adm2_name"":""Bhola""},{""adm2_code"":5764,""adm2_name"":""Jhalokati""},{""adm2_code"":5765,""adm2_name"":""Patuakhali""},{""adm2_code"":5766,""adm2_name"":""Pirojpur""},{""adm2_code"":5781,""adm2_name"":""Gopalganj""},{""adm2_code"":5784,""adm2_name"":""Madaripur""},{""adm2_code"":5792,""adm2_name"":""Shariatpur""},{""adm2_code"":5795,""adm2_name"":""Bagerhat""},{""adm2_code"":5799,""adm2_name"":""Khulna""},{""adm2_code"":5804,""adm2_name"":""Satkhira""}]",2009-05-27,2023-09-25
2007-0556-IND,No,nat-met-sto-tro,Natural,Meteorological,Storm,Tropical cyclone,GLIDE:TC-2007-000208,Cyclone 'Sidr',IND,India,Southern Asia,Asia,"West Bengal, Orissa provinces",,,No,No,No,,,Kph,,,,2007,11,15,2007,11,15,,,,,,,,,,,,68.0476738315874,"[{""adm1_code"":1504,""adm1_name"":""Orissa""},{""adm1_code"":1511,""adm1_name"":""West Bengal""}]",2008-08-01,2023-09-25
2008-0008-IRN,No,nat-met-sto-bli,Natural,Meteorological,Storm,Blizzard/Winter storm,GLIDE:CW-2008-000025,,IRN,Iran (Islamic Republic of),Southern Asia,Asia,"Tehran, Esfahan, Kerman, Manzandaran, Golestan, Ardebil, West Azarbayejan, Kordestan, Seman, Lorestan provinces",,Cold wave|Transport accident,No,No,No,,,Kph,,,,2008,1,,2008,1,,28,,,,,,,,,,,70.6600890345053,"[{""adm1_code"":1543,""adm1_name"":""Esfahan""},{""adm1_code"":1550,""adm1_name"":""Kerman""},{""adm1_code"":1553,""adm1_name"":""Kordestan""},{""adm1_code"":1555,""adm1_name"":""Lorestan""},{""adm1_code"":1557,""adm1_name"":""Mazandaran""},{""adm1_code"":1558,""adm1_name"":""Semnan""},{""adm1_code"":1560,""adm1_name"":""Tehran""},{""adm1_code"":1561,""adm1_name"":""West Azarbayejan""},{""adm1_code"":33110,""adm1_name"":""Ardebil""},{""adm1_code"":33111,""adm1_name"":""Golestan""}]",2008-11-19,2023-09-25
2008-0184-LKA,No,nat-met-sto-tro,Natural,Meteorological,Storm,Tropical cyclone,GLIDE:TC-2008-000057,Cyclone 'Nargis',LKA,Sri Lanka,Southern Asia,Asia,"Colombo, Kalutara, Gampaha districts (Western province), Ratnapura, Kegalle districts (Sabaragamuwa province), Puttalam district (North Western province), Nuwara Eliya district (Central province), Galle district (Southern province)",,"Flood|Slide (land, mud, snow, rock)",No,No,No,,,Kph,,,,2008,4,27,2008,5,3,9,,50000,,50000,,,,,,,70.6600890345053,"[{""adm2_code"":41749,""adm2_name"":""Nuwara Eliya""},{""adm2_code"":25838,""adm2_name"":""Puttalam""},{""adm2_code"":25844,""adm2_name"":""Kegalle""},{""adm2_code"":25845,""adm2_name"":""Ratnapura""},{""adm2_code"":25846,""adm2_name"":""Galle""},{""adm2_code"":25851,""adm2_name"":""Colombo""},{""adm2_code"":25852,""adm2_name"":""Gampaha""},{""adm2_code"":25853,""adm2_name"":""Kalutara""}]",2008-07-31,2023-09-25
2008-0644-BGD,No,nat-met-sto-tro,Natural,Meteorological,Storm,Tropical cyclone,,,BGD,Bangladesh,Southern Asia,Asia,"Jamalpur, Mymensingh, Netrakona, Sherpur districts (Dhaka province), Bogra district (Rajshahi province), Gaibandha, Kurigram districts (Rangpur province), Sunamganj, Sylhet provinces (Sylhet province)",,,No,No,No,,100,Kph,,,,2008,3,22,2008,3,22,12,200,,,200,,,,,,,70.6600890345053,"[{""adm2_code"":5782,""adm2_name"":""Jamalpur""},{""adm2_code"":5787,""adm2_name"":""Mymensingh""},{""adm2_code"":5790,""adm2_name"":""Netrakona""},{""adm2_code"":5793,""adm2_name"":""Sherpur""},{""adm2_code"":5823,""adm2_name"":""Sunamganj""},{""adm2_code"":5824,""adm2_name"":""Sylhet""},{""adm2_code"":5805,""adm2_name"":""Bogra""},{""adm2_code"":5807,""adm2_name"":""Gaibandha""},{""adm2_code"":5809,""adm2_name"":""Kurigram""}]",2009-03-18,2023-09-25
2008-0646-IND,No,nat-met-sto-san,Natural,Meteorological,Storm,Sand/Dust storm,,,IND,India,Southern Asia,Asia,Uttar Pradesh province,,Flood,No,No,No,,110,Kph,,,,2008,5,14,2008,5,14,111,50,,,50,,,,,25000,35381,70.6600890345053,"[{""adm1_code"":70081,""adm1_name"":""Uttar Pradesh""}]",2009-03-25,2023-09-25
2008-0648-BGD,No,nat-met-sto-tro,Natural,Meteorological,Storm,Tropical cyclone,,"Cyclone ""Reshmi""",BGD,Bangladesh,Southern Asia,Asia,"Barisal, Patuakhali districts (Barisal province)",,Flood,No,No,No,,80,Kph,,,,2008,10,27,2008,10,27,15,200,,,200,,,,,,,70.6600890345053,"[{""adm2_code"":5762,""adm2_name"":""Barisal""},{""adm2_code"":5765,""adm2_name"":""Patuakhali""}]",2009-03-18,2023-09-25
2009-0130-IND,No,nat-met-sto-tor,Natural,Meteorological,Storm,Tornado,,,IND,India,Southern Asia,Asia,Kendrapara district (Orissa province),,Hail,No,No,No,,,Kph,,,,2009,3,31,2009,3,31,15,50,5000,4000,9050,,,,,,,70.4088617569341,"[{""adm2_code"":70218,""adm2_name"":""Kendrapara""}]",2010-03-05,2023-09-25
2009-0157-BGD,No,nat-met-sto-tro,Natural,Meteorological,Storm,Tropical cyclone,,"Cyclone ""Bijli""",BGD,Bangladesh,Southern Asia,Asia,"Banshkhali, Anowara, Sitakunda, Mirsaharai, Sandwip, Patiya, Boalkhali, Satkania, Chandanaish, City Corportaion of Chittagong (CCC) areas (Chittagong district, Chittagong province), Sadar, Ramu, Chakaria, Pekua, Maheshkhali, Kutubdia areas (Cox's Bazar district, Chittagong province), Hatiya area (Noakhali district, Chittagong province), Charfashion area (Bhola district, Barisal province), Pirganj area (Thakurgao district, Rangpur province)",,,No,No,No,,100,Kph,,,,2009,4,19,2009,4,20,7,84,19125,,19209,,,,,,,70.4088617569341,"[{""adm2_code"":5763,""adm2_name"":""Bhola""},{""adm2_code"":5770,""adm2_name"":""Chittagong""},{""adm2_code"":5772,""adm2_name"":""Cox's Bazar""},{""adm2_code"":5776,""adm2_name"":""Noakhali""},{""adm2_code"":5820,""adm2_name"":""Thakurgaon""}]",2010-03-05,2023-09-25
2009-0204-BGD,No,nat-met-sto-tro,Natural,Meteorological,Storm,Tropical cyclone,GLIDE:TC-2009-000105,"Cyclone ""Aila""",BGD,Bangladesh,Southern Asia,Asia,"Khulna, Satkhira, Jessore, Bagerhat districts (Khulna province), Patuakhali, Bhola, Barisal, Barguna, Pirojpur, Jhalokati districts (Barisal province), Lakshmipur, Chittagong, Noakhali, Cox's Bazar, Feni, Chandpur districts (Chittagong province)",,Broken Dam/Burst bank|Tsunami/Tidal wave,Yes,No,No,14239,90,Kph,22.16,89.09,,2009,5,25,2009,5,26,190,7103,3928238,,3935341,,,,,270000,383474,70.4088617569341,"[{""adm2_code"":5761,""adm2_name"":""Barguna""},{""adm2_code"":5762,""adm2_name"":""Barisal""},{""adm2_code"":5763,""adm2_name"":""Bhola""},{""adm2_code"":5764,""adm2_name"":""Jhalokati""},{""adm2_code"":5765,""adm2_name"":""Patuakhali""},{""adm2_code"":5766,""adm2_name"":""Pirojpur""},{""adm2_code"":5769,""adm2_name"":""Chandpur""},{""adm2_code"":5770,""adm2_name"":""Chittagong""},{""adm2_code"":5772,""adm2_name"":""Cox's Bazar""},{""adm2_code"":5773,""adm2_name"":""Feni""},{""adm2_code"":5775,""adm2_name"":""Lakshmipur""},{""adm2_code"":5776,""adm2_name"":""Noakhali""},{""adm2_code"":5795,""adm2_name"":""Bagerhat""},{""adm2_code"":5797,""adm2_name"":""Jessore""},{""adm2_code"":5799,""adm2_name"":""Khulna""},{""adm2_code"":5804,""adm2_name"":""Satkhira""}]",2010-02-05,2023-09-25
2009-0204-BTN,No,nat-met-sto-tro,Natural,Meteorological,Storm,Tropical cyclone,GLIDE:TC-2009-000105,"Cyclone ""Aila""",BTN,Bhutan,Southern Asia,Asia,"Chhukha, Dagana, Gasa, Haa, Paro, Punakha, Samtse, Thimphu, Tsirang, Wangduephodrang provinces",,,No,No,No,,,Kph,,,,2009,5,25,2009,5,26,12,,,,,,,,,,,70.4088617569341,"[{""adm1_code"":623,""adm1_name"":""Chhukha""},{""adm1_code"":625,""adm1_name"":""Gasa""},{""adm1_code"":629,""adm1_name"":""Paro""},{""adm1_code"":631,""adm1_name"":""Punakha""},{""adm1_code"":635,""adm1_name"":""Thimphu""},{""adm1_code"":639,""adm1_name"":""Tsirang""},{""adm1_code"":640,""adm1_name"":""Wangduephodrang""},{""adm1_code"":41308,""adm1_name"":""Dagana""},{""adm1_code"":41309,""adm1_name"":""Haa""},{""adm1_code"":41312,""adm1_name"":""Samtse""}]",2010-01-15,2023-09-25
2009-0204-IND,No,nat-met-sto-tro,Natural,Meteorological,Storm,Tropical cyclone,GLIDE:TC-2009-000105,"Cyclone ""Aila""",IND,India,Southern Asia,Asia,"Sagar, Namkhana, Kakdwip, Pathar Pratima, Canning, Basanti, Mathurapur, Kultali villages (South 24 Parganas district, West Bengal province), Kolkata, North 24 Parganas, Haora, Hugli, Darjiling districts (West Bengal province)",,"Flood|Slide (land, mud, snow, rock)",No,No,No,,110,Kph,,,,2009,5,25,2009,5,25,96,,5100000,,5100000,,,,,,,70.4088617569341,"[{""adm2_code"":17948,""adm2_name"":""Darjiling""},{""adm2_code"":17949,""adm2_name"":""Haora""},{""adm2_code"":17950,""adm2_name"":""Hugli""},{""adm2_code"":70292,""adm2_name"":""Kolkata""},{""adm2_code"":70293,""adm2_name"":""North 24 Parganas""},{""adm2_code"":70294,""adm2_name"":""South 24 Parganas""}]",2010-01-06,2023-09-25
2009-0240-IND,No,nat-met-sto-lig,Natural,Meteorological,Storm,Lightning/Thunderstorms,,,IND,India,Southern Asia,Asia,"Bihar, Jharkhand provinces",,,No,No,No,,,Kph,,,,2009,6,28,2009,6,29,35,12,,,12,,,,,,,70.4088617569341,"[{""adm1_code"":70073,""adm1_name"":""Bihar""},{""adm1_code"":70078,""adm1_name"":""Jharkhand""}]",2010-03-08,2023-09-25
2009-0609-IND,No,nat-met-sto-tro,Natural,Meteorological,Storm,Tropical cyclone,,Cyclone Phyan,IND,India,Southern Asia,Asia,"Gujarat, Madhya Pradesh, Maharashtra provinces",,,No,No,No,,,Kph,,,,2009,11,11,2009,11,12,20,,,,,,,,,300000,426083,70.4088617569341,"[{""adm1_code"":1491,""adm1_name"":""Gujarat""},{""adm1_code"":1498,""adm1_name"":""Maharashtra""},{""adm1_code"":70079,""adm1_name"":""Madhya Pradesh""}]",2010-03-08,2023-09-25
2009-0640-IND,No,nat-met-sto-sev,Natural,Meteorological,Storm,Severe weather,,,IND,India,Southern Asia,Asia,Uttar Pradesh province,,Hail,No,No,No,,,Kph,,,,2009,5,11,2009,5,11,32,23,,,23,,,,,,,70.4088617569341,"[{""adm1_code"":70081,""adm1_name"":""Uttar Pradesh""}]",2010-07-16,2023-09-25
2009-0641-IND,No,nat-met-sto-sev,Natural,Meteorological,Storm,Severe weather,,,IND,India,Southern Asia,Asia,Uttar Pradesh province,,Flood,No,No,No,,,Kph,,,,2009,6,7,2009,6,7,20,,,,,,,,,,,70.4088617569341,"[{""adm1_code"":70081,""adm1_name"":""Uttar Pradesh""}]",2010-03-08,2023-09-25
2010-0171-BGD,No,nat-met-sto-tro,Natural,Meteorological,Storm,Tropical cyclone,GLIDE:ST-2010-000074,,BGD,Bangladesh,Southern Asia,Asia,"Rangpur, Dinajpur, Nilphamari, Lalmonirhat, Kurigram, Gaibandha districts (Rangpur province), Sirajganj, Bogra districts (Rajshahi province)",,,No,No,No,,120,Kph,,,,2010,4,13,2010,4,14,8,200,246910,,247110,,,,,,,71.5635955751889,"[{""adm2_code"":5805,""adm2_name"":""Bogra""},{""adm2_code"":5819,""adm2_name"":""Sirajganj""},{""adm2_code"":5806,""adm2_name"":""Dinajpur""},{""adm2_code"":5807,""adm2_name"":""Gaibandha""},{""adm2_code"":5809,""adm2_name"":""Kurigram""},{""adm2_code"":5810,""adm2_name"":""Lalmonirhat""},{""adm2_code"":5814,""adm2_name"":""Nilphamari""},{""adm2_code"":5818,""adm2_name"":""Rangpur""}]",2010-08-13,2023-09-25
2010-0171-IND,No,nat-met-sto-tro,Natural,Meteorological,Storm,Tropical cyclone,GLIDE:ST-2010-000074,,IND,India,Southern Asia,Asia,"Bihar, West Bengal, Assam provinces",,,No,No,No,,,Kph,,,,2010,4,13,2010,4,14,114,,,500000,500000,,,,,,,71.5635955751889,"[{""adm1_code"":1487,""adm1_name"":""Assam""},{""adm1_code"":1511,""adm1_name"":""West Bengal""},{""adm1_code"":70073,""adm1_name"":""Bihar""}]",2010-04-26,2023-09-25
2010-0177-IND,No,nat-met-sto-sto,Natural,Meteorological,Storm,Storm (General),,,IND,India,Southern Asia,Asia,"Uttar Pradesh, Bihar provinces",,Flood,No,No,No,,,Kph,,,,2010,5,6,2010,5,8,54,50,,,50,,,,,,,71.5635955751889,"[{""adm1_code"":70073,""adm1_name"":""Bihar""},{""adm1_code"":70081,""adm1_name"":""Uttar Pradesh""}]",2010-05-10,2023-09-25
2010-0198-IND,No,nat-met-sto-tro,Natural,Meteorological,Storm,Tropical cyclone,,"Cyclone ""Laila""",IND,India,Southern Asia,Asia,"Krishna, Prakasam, Nellore, Guntur districts (Andhra Pradesh province), Tamil Nadu province",,Rain,No,No,No,,110,Kph,,,,2010,5,20,2010,5,20,32,,,,,,,,,,,71.5635955751889,"[{""adm1_code"":1508,""adm1_name"":""Tamil Nadu""},{""adm2_code"":17552,""adm2_name"":""Guntur""},{""adm2_code"":17556,""adm2_name"":""Krishna""},{""adm2_code"":17561,""adm2_name"":""Nellore""},{""adm2_code"":17563,""adm2_name"":""Prakasam""}]",2010-05-27,2023-09-25
2010-0205-BGD,No,nat-met-sto-tro,Natural,Meteorological,Storm,Tropical cyclone,,,BGD,Bangladesh,Southern Asia,Asia,Lalmonirhat district (Rangpur province),,,No,No,No,,,Kph,,,,2010,4,17,2010,4,17,3,,10000,,10000,,,,,,,71.5635955751889,"[{""adm2_code"":5810,""adm2_name"":""Lalmonirhat""}]",2010-05-27,2023-09-25
2010-0210-PAK,No,nat-met-sto-tro,Natural,Meteorological,Storm,Tropical cyclone,GLIDE:TC-2010-000108,"Cyclone ""Phet""",PAK,Pakistan,Southern Asia,Asia,"Sindh, Balochistan provinces",,Flood,No,No,No,,,Kph,,,,2010,6,6,2010,6,7,23,,4000,,4000,,,,,80000,111789,71.5635955751889,"[{""adm1_code"":2272,""adm1_name"":""Balochistan""},{""adm1_code"":2277,""adm1_name"":""Sindh""}]",2010-07-13,2023-09-25
2010-0428-IND,No,nat-met-sto-lig,Natural,Meteorological,Storm,Lightning/Thunderstorms,,,IND,India,Southern Asia,Asia,"Bihar, Jharkhand provinces",,,No,No,No,,,Kph,,,,2010,8,25,2010,8,25,25,,,,,,,,,,,71.5635955751889,"[{""adm1_code"":70073,""adm1_name"":""Bihar""},{""adm1_code"":70078,""adm1_name"":""Jharkhand""}]",2010-08-26,2023-09-25
2010-0686-BGD,No,nat-met-sto-lig,Natural,Meteorological,Storm,Lightning/Thunderstorms,,,BGD,Bangladesh,Southern Asia,Asia,Mymensingh district (Dhaka province),,Hail,No,No,No,,,Kph,,,,2010,5,1,2010,5,2,15,50,,,50,,,,,,,71.5635955751889,"[{""adm2_code"":5787,""adm2_name"":""Mymensingh""}]",2011-03-17,2023-09-25
2010-0688-IND,No,nat-met-sto-sev,Natural,Meteorological,Storm,Severe weather,,,IND,India,Southern Asia,Asia,"Nawabganj town (Gonda district, Uttar Pradesh province), Allahabad, Unnao districts (Uttar Pradesh province)",,Hail,No,No,No,,,Kph,,,,2010,5,24,2010,5,24,12,30,,2000,2030,,,,,,,71.5635955751889,"[{""adm2_code"":17890,""adm2_name"":""Allahabad""},{""adm2_code"":17913,""adm2_name"":""Gonda""},{""adm2_code"":17941,""adm2_name"":""Unnao""}]",2011-04-11,2023-09-25
2010-0693-IND,No,nat-met-sto-tro,Natural,Meteorological,Storm,Tropical cyclone,,Cyclone Jal,IND,India,Southern Asia,Asia,Andhra Pradesh province,,Flood,No,No,No,,100,Kph,,,,2010,10,31,2010,11,3,22,,,,,,,,,,,71.5635955751889,"[{""adm1_code"":1485,""adm1_name"":""Andhra Pradesh""}]",2011-03-17,2023-09-25
2010-0694-IND,No,nat-met-sto-hai,Natural,Meteorological,Storm,Hail,,,IND,India,Southern Asia,Asia,"Mushalpur, Baksa towns (Nalbari district, Assam province)",,,No,No,No,,,Kph,,,,2010,4,10,2010,4,10,28,,,5000,5000,,,,,,,71.5635955751889,"[{""adm2_code"":17590,""adm2_name"":""Nalbari""}]",2011-03-17,2023-09-25
2011-0176-IND,No,nat-met-sto-lig,Natural,Meteorological,Storm,Lightning/Thunderstorms,,,IND,India,Southern Asia,Asia,Uttar Pradesh province,,,No,No,No,,,Kph,,,,2011,5,20,2011,5,20,42,50,,,50,,,,,,,73.822750859736,"[{""adm1_code"":70081,""adm1_name"":""Uttar Pradesh""}]",2011-05-24,2023-09-25
2011-0484-LKA,No,nat-met-sto-sev,Natural,Meteorological,Storm,Severe weather,,,LKA,Sri Lanka,Southern Asia,Asia,"Sabaragamuwa, Southern, Uva provinces",,"Flood|Slide (land, mud, snow, rock)",No,No,No,,,Kph,,,,2011,11,24,2011,11,27,22,41,35000,,35041,,,,,,,73.822750859736,"[{""adm1_code"":2741,""adm1_name"":""Sabaragamuwa""},{""adm1_code"":2742,""adm1_name"":""Southern""},{""adm1_code"":2743,""adm1_name"":""Uva""}]",2012-04-04,2023-09-25
2011-0566-IND,No,nat-met-sto-tro,Natural,Meteorological,Storm,Tropical cyclone,,Cyclone Thane,IND,India,Southern Asia,Asia,"Cuddalore district (Tamil Nadu province), Puducherry district (Puducherry province)",,,No,No,No,1350,140,Kph,,,,2011,12,29,2011,12,30,47,,,250000,250000,,,,,375625,508820,73.822750859736,"[{""adm2_code"":70243,""adm2_name"":""Cuddalore""},{""adm2_code"":70228,""adm2_name"":""Puducherry""}]",2012-04-04,2023-09-25
2011-0591-BGD,No,nat-met-sto-sev,Natural,Meteorological,Storm,Severe weather,,,BGD,Bangladesh,Southern Asia,Asia,"Sherpur, Jamalpur, Netrakona, Mymensingh districts (Dhaka province), Rangpur, Thakurgaon, Gaibandha districts (Rangpur province), Pabna district (Rajshahi province)",,Hail,No,No,No,,,Kph,,,,2011,4,4,2011,4,4,13,121,,,121,,,,,,,73.822750859736,"[{""adm2_code"":5782,""adm2_name"":""Jamalpur""},{""adm2_code"":5787,""adm2_name"":""Mymensingh""},{""adm2_code"":5790,""adm2_name"":""Netrakona""},{""adm2_code"":5793,""adm2_name"":""Sherpur""},{""adm2_code"":5815,""adm2_name"":""Pabna""},{""adm2_code"":5807,""adm2_name"":""Gaibandha""},{""adm2_code"":5818,""adm2_name"":""Rangpur""},{""adm2_code"":5820,""adm2_name"":""Thakurgaon""}]",2012-01-04,2023-09-25
2011-0593-IND,No,nat-met-sto-lig,Natural,Meteorological,Storm,Lightning/Thunderstorms,,,IND,India,Southern Asia,Asia,Karnataka province,,,No,No,No,,,Kph,,,,2011,4,15,2011,4,15,17,,,,,,,,,,,73.822750859736,"[{""adm1_code"":1494,""adm1_name"":""Karnataka""}]",2012-01-04,2023-09-25
2011-0642-AFG,No,nat-met-sto-bli,Natural,Meteorological,Storm,Blizzard/Winter storm,,,AFG,Afghanistan,Southern Asia,Asia,Daykundi province,,"Avalanche (Snow, Debris)",No,No,No,,,Kph,,,,2011,2,10,2011,2,14,21,5,,,5,,,,,,,73.822750859736,"[{""adm1_code"":99878,""adm1_name"":""Daykundi""}]",2012-04-05,2023-09-25
2012-0082-BGD,No,nat-met-sto-sev,Natural,Meteorological,Storm,Severe weather,,,BGD,Bangladesh,Southern Asia,Asia,"Panchagarh, Rangpur, Nilphamari districts (Rangpur province), Noakhali, Comilla districts (Chittagong province), Narsingdi, Jamalpur, Faridpur, Shariatpur districts (Dhaka province), Jessore, Satkhira, Khulna, Chuadanga districts (Khulna province), Rajshahi district (Rajshahi province), Sylhet district (Sylhet province), Bhola district (Barisal province)",,Hail,No,No,No,,56,Kph,,,,2012,4,6,2012,4,6,25,121,,55000,55121,,,,,,,75.3503857046957,"[{""adm2_code"":5763,""adm2_name"":""Bhola""},{""adm2_code"":5771,""adm2_name"":""Comilla""},{""adm2_code"":5776,""adm2_name"":""Noakhali""},{""adm2_code"":5779,""adm2_name"":""Faridpur""},{""adm2_code"":5782,""adm2_name"":""Jamalpur""},{""adm2_code"":5789,""adm2_name"":""Narsingdi""},{""adm2_code"":5792,""adm2_name"":""Shariatpur""},{""adm2_code"":5796,""adm2_name"":""Chuadanga""},{""adm2_code"":5797,""adm2_name"":""Jessore""},{""adm2_code"":5799,""adm2_name"":""Khulna""},{""adm2_code"":5804,""adm2_name"":""Satkhira""},{""adm2_code"":5824,""adm2_name"":""Sylhet""},{""adm2_code"":5817,""adm2_name"":""Rajshahi""},{""adm2_code"":5814,""adm2_name"":""Nilphamari""},{""adm2_code"":5816,""adm2_name"":""Panchagarh""},{""adm2_code"":5818,""adm2_name"":""Rangpur""}]",2012-04-10,2023-09-25
2012-0385-BGD,No,nat-met-sto-sto,Natural,Meteorological,Storm,Storm (General),GLIDE:ST-2012-000176,,BGD,Bangladesh,Southern Asia,Asia,"Hatiya, Companiganj, Subarnarchar areas (Noakhali district, Chittagong province), Monpura, Charfasson areas (Bhola district, Barisal province), Sandwip, Mirsharai areas (Chittagong district, Chittagong province)",,,No,No,No,,,Kph,,,,2012,10,10,2012,10,10,108,183,129375,,129558,,,,,,,75.3503857046957,"[{""adm2_code"":5763,""adm2_name"":""Bhola""},{""adm2_code"":5770,""adm2_name"":""Chittagong""},{""adm2_code"":5776,""adm2_name"":""Noakhali""}]",2012-10-19,2023-09-25
2012-0425-IND,No,nat-met-sto-tro,Natural,Meteorological,Storm,Tropical cyclone,,Cyclone Nilam,IND,India,Southern Asia,Asia,"Andhra Pradesh, Tamil Nadu provinces",,Flood|Surge,No,No,No,,,Kph,11.82,78.08,,2012,11,4,2012,11,8,40,,70000,,70000,,,,,,,75.3503857046957,"[{""adm1_code"":1485,""adm1_name"":""Andhra Pradesh""},{""adm1_code"":1508,""adm1_name"":""Tamil Nadu""}]",2013-02-06,2023-09-25
2012-0425-LKA,No,nat-met-sto-tro,Natural,Meteorological,Storm,Tropical cyclone,,Cyclone Nilam,LKA,Sri Lanka,Southern Asia,Asia,"Central, Eastern, North Central, North Western, Northern, Sabaragamuwa, Southern, Uva, Western provinces",,,No,No,No,,,Kph,,,,2012,10,29,2012,10,31,,,,69000,69000,,,,,57000,75647,75.3503857046957,"[{""adm1_code"":2736,""adm1_name"":""Central""},{""adm1_code"":2737,""adm1_name"":""Eastern""},{""adm1_code"":2738,""adm1_name"":""North Central""},{""adm1_code"":2739,""adm1_name"":""North Western""},{""adm1_code"":2740,""adm1_name"":""Northern""},{""adm1_code"":2741,""adm1_name"":""Sabaragamuwa""},{""adm1_code"":2742,""adm1_name"":""Southern""},{""adm1_code"":2743,""adm1_name"":""Uva""},{""adm1_code"":2744,""adm1_name"":""Western""}]",2013-02-06,2023-09-25
2013-0085-BGD,No,nat-met-sto-sev,Natural,Meteorological,Storm,Severe weather,GLIDE:ST-2013-000032,,BGD,Bangladesh,Southern Asia,Asia,"Sadar, Akhaura, Bijoynagar areas (Brahamanbaria district, Chittagong province)",,,No,No,No,,,Kph,,,,2013,3,22,2013,3,22,31,388,8155,,8543,,,,,20000,26159,76.454145985163,"[{""adm2_code"":5768,""adm2_name"":""Brahamanbaria""}]",2013-09-23,2023-09-25
2013-0090-BGD,No,nat-met-sto-tor,Natural,Meteorological,Storm,Tornado,,,BGD,Bangladesh,Southern Asia,Asia,"Natore, Naogaon districts (Rajshahi province)",,,No,No,No,,,Kph,,,,2013,3,29,2013,3,30,2,,25020,,25020,,,,,,,76.454145985163,"[{""adm2_code"":5811,""adm2_name"":""Naogaon""},{""adm2_code"":5812,""adm2_name"":""Natore""}]",2013-04-08,2023-09-25
2013-0090-IND,No,nat-met-sto-tor,Natural,Meteorological,Storm,Tornado,,,IND,India,Southern Asia,Asia,Uttar Pradesh province,,,No,No,No,,,Kph,,,,2013,3,29,2013,3,30,9,,,,,,,,,,,76.454145985163,"[{""adm1_code"":70081,""adm1_name"":""Uttar Pradesh""}]",2013-04-08,2023-09-25
2013-0138-BGD,No,nat-met-sto-tro,Natural,Meteorological,Storm,Tropical cyclone,GLIDE:ST-2013-000060,Tropical cyclone Mahasen,BGD,Bangladesh,Southern Asia,Asia,"Patuakhali, Bhola, Barguna districts (Barisal province)",,,No,No,No,,,Kph,,,,2013,5,16,2013,5,16,17,65,1498579,,1498644,,,,,,,76.454145985163,"[{""adm2_code"":5761,""adm2_name"":""Barguna""},{""adm2_code"":5763,""adm2_name"":""Bhola""},{""adm2_code"":5765,""adm2_name"":""Patuakhali""}]",2014-01-15,2023-09-25
2013-0138-IND,No,nat-met-sto-tro,Natural,Meteorological,Storm,Tropical cyclone,GLIDE:ST-2013-000060,Tropical cyclone Mahasen,IND,India,Southern Asia,Asia,Andhra Pradesh province,,,No,No,No,,,Kph,,,,2013,5,16,2013,5,16,8,4,,,4,,,,,,,76.454145985163,"[{""adm1_code"":1485,""adm1_name"":""Andhra Pradesh""}]",2014-01-15,2023-09-25
2013-0138-LKA,No,nat-met-sto-tro,Natural,Meteorological,Storm,Tropical cyclone,GLIDE:ST-2013-000060,Tropical cyclone Mahasen,LKA,Sri Lanka,Southern Asia,Asia,"Central, Eastern, North Central, North Western, Northern, Sabaragamuwa, Southern, Uva, Western provinces",,,No,No,No,,,Kph,,,,2013,5,13,2013,5,16,7,,3478,3861,7339,,,,,,,76.454145985163,"[{""adm1_code"":2736,""adm1_name"":""Central""},{""adm1_code"":2737,""adm1_name"":""Eastern""},{""adm1_code"":2738,""adm1_name"":""North Central""},{""adm1_code"":2739,""adm1_name"":""North Western""},{""adm1_code"":2740,""adm1_name"":""Northern""},{""adm1_code"":2741,""adm1_name"":""Sabaragamuwa""},{""adm1_code"":2742,""adm1_name"":""Southern""},{""adm1_code"":2743,""adm1_name"":""Uva""},{""adm1_code"":2744,""adm1_name"":""Western""}]",2013-08-27,2023-09-25
2013-0401-IND,No,nat-met-sto-tro,Natural,Meteorological,Storm,Tropical cyclone,GLIDE:TC-2013-000133,Cyclone Phailin,IND,India,Southern Asia,Asia,"Orissa, Andhra Pradesh, Jharkhand, Bihar, West Bengal, Chhattisgarh provinces",,Flood|Surge,Yes,No,No,,200,Kph,,,,2013,10,12,2013,10,14,47,,13230000,,13230000,,,,,633471,828563,76.454145985163,"[{""adm1_code"":1485,""adm1_name"":""Andhra Pradesh""},{""adm1_code"":1504,""adm1_name"":""Orissa""},{""adm1_code"":1511,""adm1_name"":""West Bengal""},{""adm1_code"":70073,""adm1_name"":""Bihar""},{""adm1_code"":70075,""adm1_name"":""Chhattisgarh""},{""adm1_code"":70078,""adm1_name"":""Jharkhand""}]",2014-07-29,2023-09-25
2013-0482-IND,No,nat-met-sto-lig,Natural,Meteorological,Storm,Lightning/Thunderstorms,,,IND,India,Southern Asia,Asia,"Bihar, Jharkhand provinces",,,No,No,No,,,Kph,,,,2013,10,5,2013,10,6,32,,,,,,,,,,,76.454145985163,"[{""adm1_code"":70073,""adm1_name"":""Bihar""},{""adm1_code"":70078,""adm1_name"":""Jharkhand""}]",2013-11-25,2023-09-25
2013-0515-IND,No,nat-met-sto-tro,Natural,Meteorological,Storm,Tropical cyclone,,Helen,IND,India,Southern Asia,Asia,"Krishna, Guntur, East Godavari, West Godavari, Vishakhapatnam districts (Andhra Pradesh province)",,Flood,No,No,No,,65,Kph,,,,2013,11,22,2013,11,22,10,,,,,,,,,262000,342689,76.454145985163,"[{""adm2_code"":17551,""adm2_name"":""East Godavari""},{""adm2_code"":17552,""adm2_name"":""Guntur""},{""adm2_code"":17556,""adm2_name"":""Krishna""},{""adm2_code"":17566,""adm2_name"":""Vishakhapatnam""},{""adm2_code"":17569,""adm2_name"":""West Godavari""}]",2013-12-07,2023-09-25
2014-0084-AFG,No,nat-met-sto-bli,Natural,Meteorological,Storm,Blizzard/Winter storm,,,AFG,Afghanistan,Southern Asia,Asia,"Jawzjan, Faryab, Kunduz, Kabul provinces",,Cold wave,No,No,No,,,Kph,,,,2014,2,1,2014,2,7,63,,,,,,,,,,,77.6944061345599,"[{""adm1_code"":278,""adm1_name"":""Faryab""},{""adm1_code"":283,""adm1_name"":""Jawzjan""},{""adm1_code"":284,""adm1_name"":""Kabul""},{""adm1_code"":289,""adm1_name"":""Kunduz""}]",2014-03-06,2023-09-25
2014-0106-IND,No,nat-met-sto-bli,Natural,Meteorological,Storm,Blizzard/Winter storm,,,IND,India,Southern Asia,Asia,"Doda, Bhaderwah, Thathri, Gandoh, Bhallessa villages (Kishtwar (72809) district, Jammu and Kashmir (40427) province), Kora Pani, Tangdhar villages (Kupwara (72786) district, Jumma and Kashmir (40431) province)",,"Rain|Slide (land, mud, snow, rock)",No,No,No,,,Kph,,,,2014,3,10,2014,3,12,17,,9610,,9610,,,,,,,77.6944061345599,"[{""adm2_code"":72809,""adm2_name"":""Administrative unit not available""},{""adm2_code"":72786,""adm2_name"":""Administrative unit not available""}]",2014-07-29,2023-09-25
2014-0135-BGD,No,nat-met-sto-sto,Natural,Meteorological,Storm,Storm (General),,,BGD,Bangladesh,Southern Asia,Asia,"Sunamganj district (Sylhet province), Tangail, Netrakona districts (Dhaka province), Naogaon district (Rajshahi province)",,,No,No,No,,,Kph,,,,2014,4,27,2014,4,28,16,12,,4000,4012,,,,,,,77.6944061345599,"[{""adm2_code"":5790,""adm2_name"":""Netrakona""},{""adm2_code"":5794,""adm2_name"":""Tangail""},{""adm2_code"":5823,""adm2_name"":""Sunamganj""},{""adm2_code"":5811,""adm2_name"":""Naogaon""}]",2014-05-09,2023-09-25
2014-0182-IND,No,nat-met-sto-lig,Natural,Meteorological,Storm,Lightning/Thunderstorms,,,IND,India,Southern Asia,Asia,"Ghaziabad district (Utar Pradesh province), Delhi, West Bengal provinces",,,No,No,No,,,Kph,,,,2014,5,30,2014,5,31,15,26,,,26,,,,,,,77.6944061345599,"[{""adm1_code"":1489,""adm1_name"":""Delhi""},{""adm1_code"":1511,""adm1_name"":""West Bengal""},{""adm2_code"":17911,""adm2_name"":""Ghaziabad""}]",2014-06-11,2023-09-25
2014-0244-BGD,No,nat-met-sto-sto,Natural,Meteorological,Storm,Storm (General),,,BGD,Bangladesh,Southern Asia,Asia,Faridpur district (Dhaka province),,,No,No,No,,,Kph,,,,2014,6,11,2014,6,11,4,,1250,,1250,,,,,,,77.6944061345599,"[{""adm2_code"":5779,""adm2_name"":""Faridpur""}]",2014-07-24,2023-09-25
2014-0322-PAK,No,nat-met-sto-lig,Natural,Meteorological,Storm,Lightning/Thunderstorms,,,PAK,Pakistan,Southern Asia,Asia,Peshawar district (North-West Frontier province),,Flood,No,No,No,,,Kph,,,,2014,8,15,2014,8,24,16,82,,,82,,,,,,,77.6944061345599,"[{""adm2_code"":40347,""adm2_name"":""Peshawar District""}]",2014-09-24,2023-09-25
2014-0392-IND,No,nat-met-sto-tro,Natural,Meteorological,Storm,Tropical cyclone,GLIDE:TC-2014-000141,Cyclone Hudhud,IND,India,Southern Asia,Asia,"Vishakhapatnam, Gangavaram towns (Vishakhapatnam district, Andhra Pradesh province), Baragarh, Bolangir, Boudh, Gajapati, Ganjam, Kalahandi, Kandhamal, Khordha, Koraput, Malkangiri, Nabarangpur, Nayagarh, Nuapada, Puri, Rayagada, Sonepur districts (Orissa province), Chhattisgarh province",,Surge,Yes,No,No,,215,Kph,,,,2014,10,12,2014,10,12,53,,920000,,920000,,,530000,682160,7000000,9009658,77.6944061345599,"[{""adm1_code"":70075,""adm1_name"":""Chhattisgarh""},{""adm2_code"":17566,""adm2_name"":""Vishakhapatnam""},{""adm2_code"":17811,""adm2_name"":""Ganjam""},{""adm2_code"":17812,""adm2_name"":""Kalahandi""},{""adm2_code"":17814,""adm2_name"":""Koraput""},{""adm2_code"":17818,""adm2_name"":""Puri""},{""adm2_code"":70208,""adm2_name"":""Baragarh""},{""adm2_code"":70210,""adm2_name"":""Bolangir""},{""adm2_code"":70211,""adm2_name"":""Boudh""},{""adm2_code"":70213,""adm2_name"":""Gajapati""},{""adm2_code"":70217,""adm2_name"":""Kandhamal""},{""adm2_code"":70219,""adm2_name"":""Khordha""},{""adm2_code"":70220,""adm2_name"":""Malkangiri""},{""adm2_code"":70221,""adm2_name"":""Nabarangpur""},{""adm2_code"":70222,""adm2_name"":""Nayagarh""},{""adm2_code"":70223,""adm2_name"":""Nuapada""},{""adm2_code"":70224,""adm2_name"":""Rayagada""},{""adm2_code"":70225,""adm2_name"":""Sonepur""}]",2014-10-14,2023-09-25
2014-0416-NPL,No,nat-met-sto-bli,Natural,Meteorological,Storm,Blizzard/Winter storm,,,NPL,Nepal,Southern Asia,Asia,"Manang area (Gandaki district, Western province), Mustang area (Dhawalagiri district, Western province)",Remnant low pressure system of cyclone Hudhud,"Avalanche (Snow, Debris)|Snow/ice",No,No,No,,,Kph,,,,2014,10,14,2014,10,14,83,175,,,175,,,,,,,77.6944061345599,"[{""adm2_code"":22362,""adm2_name"":""Dhawalagiri""},{""adm2_code"":22363,""adm2_name"":""Gandaki""}]",2014-10-17,2023-09-25
2014-0538-IND,No,nat-met-sto-sto,Natural,Meteorological,Storm,Storm (General),,,IND,India,Southern Asia,Asia,Uttar Pradesh province,,,No,No,No,,,Kph,,,,2014,4,17,2014,4,20,27,,,,,,,,,,,77.6944061345599,"[{""adm1_code"":70081,""adm1_name"":""Uttar Pradesh""}]",2015-03-25,2023-09-25
2014-0551-IND,No,nat-met-sto-lig,Natural,Meteorological,Storm,Lightning/Thunderstorms,,,IND,India,Southern Asia,Asia,Hyderabad district (Andhra Pradesh province),,Flood|Hail,No,No,No,,,Kph,,,,2014,3,6,2014,3,7,7,58,1870,,1928,,,,,,,77.6944061345599,"[{""adm2_code"":17553,""adm2_name"":""Hyderabad""}]",2015-03-27,2023-09-25
2015-0118-BGD,No,nat-met-sto-lig,Natural,Meteorological,Storm,Lightning/Thunderstorms,,,BGD,Bangladesh,Southern Asia,Asia,"Bogra, Rajshahi, Naogaon, Sirajganj, Pabna districts (Rajshahi province), Brahamanbaria district (Chittagong province), Dhaka districts (Dhaka province)",,Hail|Rain,No,No,No,,,Kph,,,,2015,4,1,2015,4,7,53,200,20000,,20200,,,,,4000,5142,77.7865676599234,"[{""adm2_code"":5768,""adm2_name"":""Brahamanbaria""},{""adm2_code"":5778,""adm2_name"":""Dhaka""},{""adm2_code"":5805,""adm2_name"":""Bogra""},{""adm2_code"":5811,""adm2_name"":""Naogaon""},{""adm2_code"":5815,""adm2_name"":""Pabna""},{""adm2_code"":5817,""adm2_name"":""Rajshahi""},{""adm2_code"":5819,""adm2_name"":""Sirajganj""}]",2015-04-07,2023-09-25
2015-0118-IND,No,nat-met-sto-lig,Natural,Meteorological,Storm,Lightning/Thunderstorms,,,IND,India,Southern Asia,Asia,Tripura province,,,No,No,No,,,Kph,,,,2015,4,4,2015,4,5,1,,10000,,10000,,,,,3000,3857,77.7865676599234,"[{""adm1_code"":1509,""adm1_name"":""Tripura""}]",2015-05-20,2023-09-25
2015-0126-IND,No,nat-met-sto-lig,Natural,Meteorological,Storm,Lightning/Thunderstorms,,,IND,India,Southern Asia,Asia,"Gujarat, Punjab, Himachal Pradresh, Haryana, Maharashtra, Bihar, Uttar Pradesh, Madhya Pradesh, Rajasthan, Jammu and Kashmir, Uttarakhand, West Bengal provinces",,"Flood|Slide (land, mud, snow, rock)",No,No,No,,,Kph,,,,2015,3,6,2015,3,18,27,,,,,,,106000,136270,906000,1164726,77.7865676599234,"[{""adm1_code"":1491,""adm1_name"":""Gujarat""},{""adm1_code"":1492,""adm1_name"":""Haryana""},{""adm1_code"":1493,""adm1_name"":""Himachal Pradesh""},{""adm1_code"":1498,""adm1_name"":""Maharashtra""},{""adm1_code"":1505,""adm1_name"":""Punjab""},{""adm1_code"":1506,""adm1_name"":""Rajasthan""},{""adm1_code"":1511,""adm1_name"":""West Bengal""},{""adm1_code"":40408,""adm1_name"":""Administrative unit not available""},{""adm1_code"":40409,""adm1_name"":""Administrative unit not available""},{""adm1_code"":40422,""adm1_name"":""Administrative unit not available""},{""adm1_code"":40423,""adm1_name"":""Administrative unit not available""},{""adm1_code"":40424,""adm1_name"":""Administrative unit not available""},{""adm1_code"":40425,""adm1_name"":""Administrative unit not available""},{""adm1_code"":40426,""adm1_name"":""Administrative unit not available""},{""adm1_code"":40427,""adm1_name"":""Administrative unit not available""},{""adm1_code"":40428,""adm1_name"":""Administrative unit not available""},{""adm1_code"":40429,""adm1_name"":""Administrative unit not available""},{""adm1_code"":40430,""adm1_name"":""Administrative unit not available""},{""adm1_code"":40431,""adm1_name"":""Administrative unit not available""},{""adm1_code"":70073,""adm1_name"":""Bihar""},{""adm1_code"":70079,""adm1_name"":""Madhya Pradesh""},{""adm1_code"":70081,""adm1_name"":""Uttar Pradesh""},{""adm1_code"":70082,""adm1_name"":""Uttarakhand""}]",2015-04-09,2023-09-25
2015-0164-IND,No,nat-met-sto-sev,Natural,Meteorological,Storm,Severe weather,,,IND,India,Southern Asia,Asia,"Purnia, Madhepura, Madhubani, Supaul, Sitamarhi districts (Bihar province)",,Hail,No,No,No,,150,Kph,,,,2015,4,21,2015,4,21,100,100,125000,,125100,,,,,160000,205691,77.7865676599234,"[{""adm2_code"":17611,""adm2_name"":""Madhubani""},{""adm2_code"":17612,""adm2_name"":""Madhepura""},{""adm2_code"":17621,""adm2_name"":""Purnia""},{""adm2_code"":17630,""adm2_name"":""Sitamarhi""},{""adm2_code"":70104,""adm2_name"":""Supaul""}]",2015-05-20,2023-09-25
2015-0213-BGD,No,nat-met-sto-lig,Natural,Meteorological,Storm,Lightning/Thunderstorms,,,BGD,Bangladesh,Southern Asia,Asia,"Sunamganj district (Sylhet province), Jamalpur, Sherpur, Mymensingh districts (Dhaka province), Gaibandha, Dinajpur districts (Rangpur province), Bagerhat district (Khulna province)",,,No,No,No,,,Kph,,,,2015,5,2,2015,5,3,13,,,,,,,,,,,77.7865676599234,"[{""adm2_code"":5782,""adm2_name"":""Jamalpur""},{""adm2_code"":5787,""adm2_name"":""Mymensingh""},{""adm2_code"":5793,""adm2_name"":""Sherpur""},{""adm2_code"":5795,""adm2_name"":""Bagerhat""},{""adm2_code"":5823,""adm2_name"":""Sunamganj""},{""adm2_code"":5806,""adm2_name"":""Dinajpur""},{""adm2_code"":5807,""adm2_name"":""Gaibandha""}]",2015-06-05,2023-09-25
2015-0309-BGD,No,nat-met-sto-tro,Natural,Meteorological,Storm,Tropical cyclone,GLIDE:TC-2015-000101,Cyclone 'Komen',BGD,Bangladesh,Southern Asia,Asia,"Cox's Bazar, Chittagong, Noakhali, Feni, Bandarban districts (Chittagong province), Patuakhali, Bhola, Barguna districts (Barisla province)",,Flood,No,No,No,,,Kph,,,,2015,7,29,2015,7,30,45,,2600000,,2600000,,,,,40000,51423,77.7865676599234,"[{""adm2_code"":5761,""adm2_name"":""Barguna""},{""adm2_code"":5763,""adm2_name"":""Bhola""},{""adm2_code"":5765,""adm2_name"":""Patuakhali""},{""adm2_code"":5767,""adm2_name"":""Bandarban""},{""adm2_code"":5770,""adm2_name"":""Chittagong""},{""adm2_code"":5772,""adm2_name"":""Cox's Bazar""},{""adm2_code"":5773,""adm2_name"":""Feni""},{""adm2_code"":5776,""adm2_name"":""Noakhali""}]",2015-08-03,2023-09-25
2015-0450-IND,No,nat-met-sto-lig,Natural,Meteorological,Storm,Lightning/Thunderstorms,,,IND,India,Southern Asia,Asia,"Deogarh, Nabarangpur, Malkangiri districts (Orissa province), Andhra Pradesh province",,,No,No,No,,,Kph,,,,2015,9,6,2015,9,6,32,,,,,,,,,,,77.7865676599234,"[{""adm1_code"":1485,""adm1_name"":""Andhra Pradesh""},{""adm2_code"":70212,""adm2_name"":""Deogarh""},{""adm2_code"":70220,""adm2_name"":""Malkangiri""},{""adm2_code"":70221,""adm2_name"":""Nabarangpur""}]",2015-10-12,2023-09-25
2015-0600-IND,No,nat-met-sto-lig,Natural,Meteorological,Storm,Lightning/Thunderstorms,,,IND,India,Southern Asia,Asia,Andhra Pradesh province,,,No,No,No,,,Kph,,,,2015,5,19,2015,5,19,23,,,,,,,,,,,77.7865676599234,"[{""adm1_code"":1485,""adm1_name"":""Andhra Pradesh""}]",2016-04-07,2023-09-25
2015-0601-BGD,No,nat-met-sto-lig,Natural,Meteorological,Storm,Lightning/Thunderstorms,,,BGD,Bangladesh,Southern Asia,Asia,Dinajpur,,,No,No,No,,,Kph,,,,2015,5,23,2015,5,23,6,50,40000,,40050,,,,,,,77.7865676599234,"[{""adm2_code"":5806,""adm2_name"":""Dinajpur""}]",2016-04-07,2023-09-25
2015-0604-IND,No,nat-met-sto-lig,Natural,Meteorological,Storm,Lightning/Thunderstorms,,,IND,India,Southern Asia,Asia,Maharashtra province,,,No,No,No,,,Kph,,,,2015,10,3,2015,10,4,29,,,,,,,,,,,77.7865676599234,"[{""adm1_code"":1498,""adm1_name"":""Maharashtra""}]",2016-04-07,2023-09-25
2016-0154-BGD,No,nat-met-sto-lig,Natural,Meteorological,Storm,Lightning/Thunderstorms,,,BGD,Bangladesh,Southern Asia,Asia,"Dhaka (Jatrabarhis Konaparha), Rajshahi (Mohanpur, Durgapur, Gogagarhi), Sirajgani (Raiganj, Ullaparha), Pabna (Sujanagar, Berha), Rajbari, Kishoreganj (Hossainpur, Tarhail, Bajitpur), Brahmanbarhia (Sarail, Banchharampur), Gazipur (Kapasia), Bogra (Sherpur), Natore (Lalpur), Habiganj (Baniachong), Naogaon (Atrai), Nilphamari (Kishoreganj)",,Lightening,No,No,No,,,Kph,,,,2016,5,13,2016,5,15,59,,,,,,,,,,,78.7679229975209,"[{""adm2_code"":5768,""adm2_name"":""Brahamanbaria""},{""adm2_code"":5778,""adm2_name"":""Dhaka""},{""adm2_code"":5780,""adm2_name"":""Gazipur""},{""adm2_code"":5783,""adm2_name"":""Kishoreganj""},{""adm2_code"":5791,""adm2_name"":""Rajbari""},{""adm2_code"":5821,""adm2_name"":""Habiganj""},{""adm2_code"":5805,""adm2_name"":""Bogra""},{""adm2_code"":5811,""adm2_name"":""Naogaon""},{""adm2_code"":5812,""adm2_name"":""Natore""},{""adm2_code"":5815,""adm2_name"":""Pabna""},{""adm2_code"":5817,""adm2_name"":""Rajshahi""},{""adm2_code"":5819,""adm2_name"":""Sirajganj""},{""adm2_code"":5814,""adm2_name"":""Nilphamari""}]",2016-05-19,2023-09-25
2016-0175-BGD,No,nat-met-sto-tro,Natural,Meteorological,Storm,Tropical cyclone,GLIDE:TC-2016-000052,Cyclone Roanu,BGD,Bangladesh,Southern Asia,Asia,"Barisal; Noakhali, Lakshmipur, Chandpur (Chittagong); Coxs Bazar, Bhola, Barguna, Patuakhali",,"Flood|Slide (land, mud, snow, rock)",No,No,No,,,Kph,,,,2016,5,21,2016,5,21,28,,1083855,119700,1203555,,,,,600000,761731,78.7679229975209,"[{""adm2_code"":5761,""adm2_name"":""Barguna""},{""adm2_code"":5763,""adm2_name"":""Bhola""},{""adm2_code"":5765,""adm2_name"":""Patuakhali""},{""adm2_code"":5769,""adm2_name"":""Chandpur""},{""adm2_code"":5772,""adm2_name"":""Cox's Bazar""},{""adm2_code"":5775,""adm2_name"":""Lakshmipur""},{""adm2_code"":5776,""adm2_name"":""Noakhali""}]",2016-05-23,2023-09-25
2016-0229-PAK,No,nat-met-sto-lig,Natural,Meteorological,Storm,Lightning/Thunderstorms,,,PAK,Pakistan,Southern Asia,Asia,"Federally Administered Tribal Areas, Punjab, Azad Jammu and Kashmir provinces; Islamabad, Rawalpindi, Khyber Pakhtunkawa",,,No,No,No,,,Kph,,,,2016,6,1,2016,6,2,34,191,,,191,,,,,,,78.7679229975209,,2016-07-12,2023-09-25
2016-0234-IND,No,nat-met-sto-lig,Natural,Meteorological,Storm,Lightning/Thunderstorms,,,IND,India,Southern Asia,Asia,"Muzaffarpur, Patna, Siwan districts (Bihar province)",,,No,No,No,,,Kph,,,,2016,6,12,2016,6,12,11,,,,,,,,,,,78.7679229975209,"[{""adm2_code"":17613,""adm2_name"":""Muzaffarpur""},{""adm2_code"":17619,""adm2_name"":""Patna""},{""adm2_code"":17631,""adm2_name"":""Siwan""}]",2016-07-13,2023-09-25
2016-0237-IND,No,nat-met-sto-lig,Natural,Meteorological,Storm,Lightning/Thunderstorms,,,IND,India,Southern Asia,Asia,"Bihar, Uttar Pradesh, Jharkhand, Madhya Pradesh provinces",,,No,No,No,,,Kph,,,,2016,6,20,2016,6,21,93,,,,,,,,,,,78.7679229975209,"[{""adm1_code"":70073,""adm1_name"":""Bihar""},{""adm1_code"":70078,""adm1_name"":""Jharkhand""},{""adm1_code"":70079,""adm1_name"":""Madhya Pradesh""},{""adm1_code"":70081,""adm1_name"":""Uttar Pradesh""}]",2016-07-13,2023-09-25
2016-0485-IND,No,nat-met-sto-tro,Natural,Meteorological,Storm,Tropical cyclone,,Cyclone 'Vardah',IND,India,Southern Asia,Asia,Chennai district (Tamil Nadu province); Andhra Pradesh,,Flood,No,No,No,,140,Kph,,,,2016,12,12,2016,12,14,24,,,,,,,200000,253910,1000000,1269552,78.7679229975209,"[{""adm1_code"":1485,""adm1_name"":""Andhra Pradesh""},{""adm2_code"":70242,""adm2_name"":""Chennai""}]",2016-12-13,2023-09-25
2016-0544-IRN,No,nat-met-sto-lig,Natural,Meteorological,Storm,Lightning/Thunderstorms,,,IRN,Iran (Islamic Republic of),Southern Asia,Asia,"Golestan, Amol (Mazandaran Province)",,Flood,No,No,No,,,Kph,,,,2016,9,1,2016,9,2,4,,,2000,2000,,,,,,,78.7679229975209,"[{""adm1_code"":33111,""adm1_name"":""Golestan""},{""adm2_code"":40872,""adm2_name"":""Amol""}]",2017-04-03,2023-09-25
2017-0038-AFG,No,nat-met-sto-bli,Natural,Meteorological,Storm,Blizzard/Winter storm,,,AFG,Afghanistan,Southern Asia,Asia,"Darzab district (Jawzjan province); Bamyan, Shawel region (Baghlan province)",,"Avalanche (Snow, Debris)|Cold wave",No,No,No,,,Kph,,,,2017,1,24,2017,1,25,31,,,,,,,,,,,80.4457792619455,"[{""adm1_code"":274,""adm1_name"":""Baghlan""},{""adm1_code"":276,""adm1_name"":""Bamyan""},{""adm2_code"":99961,""adm2_name"":""Darzab""}]",2017-02-08,2023-09-25
2017-0071-AFG,No,nat-met-sto-bli,Natural,Meteorological,Storm,Blizzard/Winter storm,,,AFG,Afghanistan,Southern Asia,Asia,"Kabul province, Kohistan, Pashtoonkot, Andkhoy, Qurmkul, Balcheragh, and Dawlat districts (Faryab province)",,"Slide (land, mud, snow, rock)|Snow/ice",No,No,No,,,Kph,,,,2017,2,17,2017,2,19,36,10,9045,,9055,,,,,,,80.4457792619455,"[{""adm1_code"":284,""adm1_name"":""Kabul""},{""adm2_code"":3510,""adm2_name"":""Dawlatabad""},{""adm2_code"":3513,""adm2_name"":""Kohestan""},{""adm2_code"":99956,""adm2_name"":""Bilcheragh""},{""adm2_code"":99957,""adm2_name"":""Pashtunkot""},{""adm2_code"":99960,""adm2_name"":""Qaramqol""},{""adm2_code"":99963,""adm2_name"":""Andkhoy""}]",2017-03-16,2023-09-25
2017-0139-BGD,No,nat-met-sto-lig,Natural,Meteorological,Storm,Lightning/Thunderstorms,,,BGD,Bangladesh,Southern Asia,Asia,"Rajshani, Chapainawabganj (Nawabganj), Dorgapara (Rajshahi)",,,No,No,No,,,Kph,,,,2017,5,1,2017,5,1,12,,,,,,,,,,,80.4457792619455,"[{""adm2_code"":5813,""adm2_name"":""Nawabganj""},{""adm2_code"":5817,""adm2_name"":""Rajshahi""}]",2017-05-18,2023-09-25
2017-0145-PAK,No,nat-met-sto-lig,Natural,Meteorological,Storm,Lightning/Thunderstorms,,,PAK,Pakistan,Southern Asia,Asia,"Punjab, Khyber Pakhtunkhwa provinces",,"Flood|Slide (land, mud, snow, rock)",No,No,No,,,Kph,,,,2017,4,22,2017,4,22,11,,,,,,,,,,,80.4457792619455,"[{""adm1_code"":2275,""adm1_name"":""North-West Frontier""},{""adm1_code"":2276,""adm1_name"":""Punjab""}]",2017-05-18,2023-09-25
2017-0152-BGD,No,nat-met-sto-tro,Natural,Meteorological,Storm,Tropical cyclone,GLIDE:TC-2017-000058,Cyclone Mora,BGD,Bangladesh,Southern Asia,Asia,"Swandip, Anwara, Lohogara, Bashkhali, Sitakunda, Mirsarai, Chandanaish, Karnaphuli Thana (Chittagong district); Cohokoria, Teknaf, Moheshkhali, Kutubdia, Pekua, Ramu, Ukhiya, Shah Parir Dwip, Saint Martins island (Cox's Bazar district); Rangamati district (All upazillas); Nikonchori (Bandarban district); Bhola district. Khagrachhari, Feni, Noakhali districts",,,No,No,No,,135,Kph,,,,2017,5,30,2017,5,30,7,12,3300000,,3300012,,,,,,,80.4457792619455,"[{""adm2_code"":5763,""adm2_name"":""Bhola""},{""adm2_code"":5767,""adm2_name"":""Bandarban""},{""adm2_code"":5770,""adm2_name"":""Chittagong""},{""adm2_code"":5772,""adm2_name"":""Cox's Bazar""},{""adm2_code"":5773,""adm2_name"":""Feni""},{""adm2_code"":5774,""adm2_name"":""Khagrachhari""},{""adm2_code"":5776,""adm2_name"":""Noakhali""},{""adm2_code"":5777,""adm2_name"":""Rangamati""}]",2017-06-01,2023-09-25
2017-0152-IND,No,nat-met-sto-tro,Natural,Meteorological,Storm,Tropical cyclone,GLIDE:TC-2017-000058,Cyclone Mora,IND,India,Southern Asia,Asia,"Manipur, Mizoram",,"Flood|Slide (land, mud, snow, rock)",No,No,No,,,Kph,,,,2017,5,30,2017,5,31,,,1970,,1970,,,,,,,80.4457792619455,"[{""adm1_code"":1500,""adm1_name"":""Manipur""},{""adm1_code"":1502,""adm1_name"":""Mizoram""}]",2018-05-07,2023-09-25
2017-0181-PAK,No,nat-met-sto-lig,Natural,Meteorological,Storm,Lightning/Thunderstorms,,,PAK,Pakistan,Southern Asia,Asia,"Lahore, Faisalabad, Sialkot, Gujranwala, Kasur, Bahawalnagar, Multan, Chichawatni (Sahiwal), Lodhran, Rajanpur, Sheikupura, Nankana Sahib (Sheikupura) (Punjab)",,,No,No,No,,,Kph,,,,2017,6,10,2017,6,10,15,113,,,113,,,,,,,80.4457792619455,"[{""adm2_code"":23653,""adm2_name"":""Bahawalnagar District""},{""adm2_code"":23658,""adm2_name"":""Faisalabad District""},{""adm2_code"":23663,""adm2_name"":""Kasur District""},{""adm2_code"":23666,""adm2_name"":""Lahore District""},{""adm2_code"":23673,""adm2_name"":""Rajanpur District""},{""adm2_code"":23677,""adm2_name"":""Sheikhupura District""},{""adm2_code"":40360,""adm2_name"":""Gujranwala District""},{""adm2_code"":40370,""adm2_name"":""Lodhran District""},{""adm2_code"":40373,""adm2_name"":""Multan District""},{""adm2_code"":40381,""adm2_name"":""Sahiwal District""},{""adm2_code"":40384,""adm2_name"":""Sialkot District""}]",2017-06-19,2023-09-25
2017-0265-IND,No,nat-met-sto-lig,Natural,Meteorological,Storm,Lightning/Thunderstorms,,,IND,India,Southern Asia,Asia,"Vaishali, Saran, Patna, Gaya, Sasaram (Rohta), Araria, Nalanda districts (Bihar)",Monsoon,,No,No,No,,,Kph,,,,2017,7,8,2017,7,11,23,12,,,12,,,,,,,80.4457792619455,"[{""adm2_code"":17601,""adm2_name"":""Gaya""},{""adm2_code"":17615,""adm2_name"":""Nalanda""},{""adm2_code"":17619,""adm2_name"":""Patna""},{""adm2_code"":17623,""adm2_name"":""Rohtas""},{""adm2_code"":17628,""adm2_name"":""Saran""},{""adm2_code"":17632,""adm2_name"":""Vaishali""},{""adm2_code"":70094,""adm2_name"":""Araria""}]",2017-07-18,2023-09-25
2017-0508-IND,No,nat-met-sto-tro,Natural,Meteorological,Storm,Tropical cyclone,GLIDE:TC-2017-000172,Cyclone 'Ockhi',IND,India,Southern Asia,Asia,"Kerala (Thiruvananthapuram, Kozhikode,Ernakulam),Tamil Nadu (Kanyakumari-Munchirai, Thiruvattar,Killiyur, Kurunthancode, Rajakkamangalam-, Tirunelveli, Tuticorin districts), Andhra Pradesh (Chittoor and Nellore), Lakshadweep Islands",,Flood,No,No,No,,130,Kph,,,"Amaravathi, Bhavani, Suwarnamukhi and Kalingi Rivers",2017,12,2,2017,12,2,884,,60000,,60000,,,,,,,80.4457792619455,"[{""adm2_code"":17549,""adm2_name"":""Chittoor""},{""adm2_code"":17561,""adm2_name"":""Nellore""},{""adm2_code"":17699,""adm2_name"":""Ernakulam""},{""adm2_code"":17703,""adm2_name"":""Kozhikode""},{""adm2_code"":17709,""adm2_name"":""Thiruvananthapuram""},{""adm2_code"":70167,""adm2_name"":""Kavaratti""},{""adm2_code"":17866,""adm2_name"":""Thoothukudi""},{""adm2_code"":17870,""adm2_name"":""Kanniyakumari""},{""adm2_code"":17884,""adm2_name"":""Tirunelveli Kattabo""}]",2017-12-04,2023-09-25
2017-0508-LKA,No,nat-met-sto-tro,Natural,Meteorological,Storm,Tropical cyclone,GLIDE:TC-2017-000172,Cyclone 'Ockhi',LKA,Sri Lanka,Southern Asia,Asia,"Galle, Matara (Southern), Colombo, Badulla (Uva), Gampaha, Kalutara (Western), Nuwara Eliya (Central)",,"Flood|Slide (land, mud, snow, rock)",No,No,No,,130,Kph,,,"Nilwala, Gin, and Kalu Rivers",2017,11,29,2017,12,1,27,77,160000,,160077,,,,,346000,430103,80.4457792619455,"[{""adm2_code"":41749,""adm2_name"":""Nuwara Eliya""},{""adm2_code"":25846,""adm2_name"":""Galle""},{""adm2_code"":25848,""adm2_name"":""Matara""},{""adm2_code"":25849,""adm2_name"":""Badulla""},{""adm2_code"":25851,""adm2_name"":""Colombo""},{""adm2_code"":25852,""adm2_name"":""Gampaha""},{""adm2_code"":25853,""adm2_name"":""Kalutara""}]",2017-12-04,2023-09-25
2017-0569-IND,No,nat-met-sto-lig,Natural,Meteorological,Storm,Lightning/Thunderstorms,,,IND,India,Southern Asia,Asia,"Jamui, Champaran, Vaishali, Samastipur, Bihar",,,No,No,No,,,Kph,,,,2017,5,28,2017,5,28,29,,1250,,1250,,,,,,,80.4457792619455,"[{""adm2_code"":17618,""adm2_name"":""Pashchim Champaran""},{""adm2_code"":17620,""adm2_name"":""Purba Champaran""},{""adm2_code"":17626,""adm2_name"":""Samastipur""},{""adm2_code"":17632,""adm2_name"":""Vaishali""},{""adm2_code"":70099,""adm2_name"":""Jamui""}]",2018-04-12,2023-09-25
2017-0570-IND,No,nat-met-sto-lig,Natural,Meteorological,Storm,Lightning/Thunderstorms,,,IND,India,Southern Asia,Asia,Maldah (West Bengal),,,No,No,No,,,Kph,,,,2017,3,25,2017,3,25,4,20,,60000,60020,,,,,,,80.4457792619455,"[{""adm2_code"":17953,""adm2_name"":""Maldah""}]",2018-04-12,2023-09-25
2018-0137-IND,No,nat-met-sto-lig,Natural,Meteorological,Storm,Lightning/Thunderstorms,,,IND,India,Southern Asia,Asia,"Uttar Pradesh, Rajasthan",,,No,No,No,,,Kph,,,,2018,4,11,2018,4,11,42,200,,,200,,,,,100000,121344,82.4106679610351,"[{""adm1_code"":1506,""adm1_name"":""Rajasthan""},{""adm1_code"":70081,""adm1_name"":""Uttar Pradesh""}]",2018-05-11,2023-09-25
2018-0138-IND,No,nat-met-sto-lig,Natural,Meteorological,Storm,Lightning/Thunderstorms,,,IND,India,Southern Asia,Asia,Kolkata,,,No,No,No,,,Kph,,,,2018,4,17,2018,4,17,18,50,22000,,22050,,,,,100000,121344,82.4106679610351,"[{""adm2_code"":70292,""adm2_name"":""Kolkata""}]",2018-05-11,2023-09-25
2018-0140-BGD,No,nat-met-sto-lig,Natural,Meteorological,Storm,Lightning/Thunderstorms,,,BGD,Bangladesh,Southern Asia,Asia,,,,No,No,No,,,Kph,,,,2018,4,29,2018,4,30,33,,,,,,,,,,,82.4106679610351,,2018-05-11,2023-09-25
2018-0149-IND,No,nat-met-sto-lig,Natural,Meteorological,Storm,Lightning/Thunderstorms,,,IND,India,Southern Asia,Asia,"Uttar Pradesh, Bengale occidental, Bihar, Andhra Pradesh",,,No,No,No,,100,Kph,,,,2018,5,13,2018,5,16,95,,,,,,,,,,,82.4106679610351,"[{""adm1_code"":1485,""adm1_name"":""Andhra Pradesh""},{""adm1_code"":1511,""adm1_name"":""West Bengal""},{""adm1_code"":70073,""adm1_name"":""Bihar""},{""adm1_code"":70081,""adm1_name"":""Uttar Pradesh""}]",2018-05-22,2023-09-25
2018-0150-IND,No,nat-met-sto-san,Natural,Meteorological,Storm,Sand/Dust storm,,,IND,India,Southern Asia,Asia,"Rajasthan, Uttar Pradesh",,,No,No,No,,,Kph,,,,2018,5,1,2018,5,10,143,200,,,200,,,,,24000,29122,82.4106679610351,"[{""adm1_code"":1506,""adm1_name"":""Rajasthan""},{""adm1_code"":70081,""adm1_name"":""Uttar Pradesh""}]",2018-05-22,2023-09-25
2018-0199-IND,No,nat-met-sto-lig,Natural,Meteorological,Storm,Lightning/Thunderstorms,,,IND,India,Southern Asia,Asia,"Uttar Pradesh, Kerala, Maharashtra, Mizoram, Rajasthan",,"Slide (land, mud, snow, rock)",No,No,No,,100,Kph,,,,2018,6,1,2018,6,6,42,,,,,,,,,,,82.4106679610351,"[{""adm1_code"":1495,""adm1_name"":""Kerala""},{""adm1_code"":1498,""adm1_name"":""Maharashtra""},{""adm1_code"":1502,""adm1_name"":""Mizoram""},{""adm1_code"":1506,""adm1_name"":""Rajasthan""},{""adm1_code"":70081,""adm1_name"":""Uttar Pradesh""}]",2018-07-19,2023-09-25
2018-0202-IND,No,nat-met-sto-sto,Natural,Meteorological,Storm,Storm (General),,,IND,India,Southern Asia,Asia,"Uttar Pradesh, West Bengal, Assam, Tripura, Manipur, Mizoram",,"Flood|Slide (land, mud, snow, rock)",No,No,No,,,Kph,,,,2018,6,8,2018,6,12,61,,,,,,,,,50000,60672,82.4106679610351,"[{""adm1_code"":1487,""adm1_name"":""Assam""},{""adm1_code"":1500,""adm1_name"":""Manipur""},{""adm1_code"":1502,""adm1_name"":""Mizoram""},{""adm1_code"":1509,""adm1_name"":""Tripura""},{""adm1_code"":1511,""adm1_name"":""West Bengal""},{""adm1_code"":70081,""adm1_name"":""Uttar Pradesh""}]",2018-07-19,2023-09-25
2018-0209-IND,No,nat-met-sto-lig,Natural,Meteorological,Storm,Lightning/Thunderstorms,,,IND,India,Southern Asia,Asia,"Uttar Pradesh, West Bengal, Tripura",,,No,No,No,,,Kph,,,,2018,5,6,2018,5,9,32,,21000,,21000,,,,,50000,60672,82.4106679610351,"[{""adm1_code"":1509,""adm1_name"":""Tripura""},{""adm1_code"":1511,""adm1_name"":""West Bengal""},{""adm1_code"":70081,""adm1_name"":""Uttar Pradesh""}]",2018-07-20,2023-09-25
2018-0214-IND,No,nat-met-sto-lig,Natural,Meteorological,Storm,Lightning/Thunderstorms,,,IND,India,Southern Asia,Asia,"Uttar Pradesh, Bihar, Jharkhand",,,No,No,No,,,Kph,,,,2018,5,28,2018,5,28,54,,,,,,,,,25000,30336,82.4106679610351,"[{""adm1_code"":70073,""adm1_name"":""Bihar""},{""adm1_code"":70078,""adm1_name"":""Jharkhand""},{""adm1_code"":70081,""adm1_name"":""Uttar Pradesh""}]",2018-07-20,2023-09-25
2018-0385-IND,No,nat-met-sto-tro,Natural,Meteorological,Storm,Tropical cyclone,DFO:4686,Tropical storm 'Titli',IND,India,Southern Asia,Asia,"Mandasa, Godalpur, Gajapati, Ganjam, Rayagada, Puri, Kandhamal (Andhra Pradesh & Odisha)",,Flood|Surge,No,No,No,,126,Kph,,,,2018,10,11,2018,10,12,85,200,300000,,300200,,,,,920000,1116360,82.4106679610351,"[{""adm2_code"":17565,""adm2_name"":""Srikakulam""},{""adm2_code"":17811,""adm2_name"":""Ganjam""},{""adm2_code"":17818,""adm2_name"":""Puri""},{""adm2_code"":70213,""adm2_name"":""Gajapati""},{""adm2_code"":70217,""adm2_name"":""Kandhamal""},{""adm2_code"":70224,""adm2_name"":""Rayagada""}]",2018-10-17,2023-09-25
2018-0431-IND,No,nat-met-sto-tro,Natural,Meteorological,Storm,Tropical cyclone,GLIDE:TC-2018-000413,Cyclone 'Gaja',IND,India,Southern Asia,Asia,"Tamil Nadu, Nagapattinam, Tiruvarur, Thanjavur, Pudukottai, Dindigul and Ramnad, Chennai, Sivaganga, Theni, Madurai districts",,,No,No,No,,120,Kph,,,,2018,11,16,2018,11,16,45,,500000,,500000,,,,,775000,940412,82.4106679610351,"[{""adm2_code"":17876,""adm2_name"":""Pudukkottai""},{""adm2_code"":17877,""adm2_name"":""Dindigul""},{""adm2_code"":17878,""adm2_name"":""Ramanathapuram""},{""adm2_code"":17881,""adm2_name"":""Thanjavur""},{""adm2_code"":17882,""adm2_name"":""Sivaganga""},{""adm2_code"":70242,""adm2_name"":""Chennai""},{""adm2_code"":70246,""adm2_name"":""Madurai""},{""adm2_code"":70247,""adm2_name"":""Nagapattinam""},{""adm2_code"":70250,""adm2_name"":""Theni""},{""adm2_code"":70251,""adm2_name"":""Thiruvallur""},{""adm2_code"":70253,""adm2_name"":""Tiruvannamalai""}]",2018-11-27,2023-09-25
2018-0473-IND,No,nat-met-sto-tro,Natural,Meteorological,Storm,Tropical cyclone,,Tropical storm 'Phethai',IND,India,Southern Asia,Asia,"Andhra Pradesh, Odisha",,,No,No,No,,100,Kph,,,,2018,12,17,2018,12,19,8,,10000,,10000,,,,,100000,121344,82.4106679610351,"[{""adm1_code"":1485,""adm1_name"":""Andhra Pradesh""},{""adm1_code"":1504,""adm1_name"":""Orissa""}]",2019-01-22,2023-09-25
2019-0135-NPL,No,nat-met-sto-sev,Natural,Meteorological,Storm,Severe weather,,,NPL,Nepal,Southern Asia,Asia,Bara district,,,No,No,No,,,Kph,,,,2019,3,30,2019,3,31,28,612,14242,,14854,,,,,,,83.9041700601057,"[{""adm2_code"":22353,""adm2_name"":""Narayani""}]",2019-04-01,2023-09-25
2019-0144-BGD,No,nat-met-sto-lig,Natural,Meteorological,Storm,Lightning/Thunderstorms,,,BGD,Bangladesh,Southern Asia,Asia,Dhaka,,,No,No,No,,,Kph,,,,2019,3,31,2019,3,31,15,,,,,,,,,,,83.9041700601057,"[{""adm1_code"":577,""adm1_name"":""Dhaka""}]",2019-04-11,2023-09-25
2019-0155-IND,No,nat-met-sto-sto,Natural,Meteorological,Storm,Storm (General),,,IND,India,Southern Asia,Asia,"Gujarat, Rajasthan, Madhya Pradesh, Maharashtra",,Flood,No,No,No,,,Kph,,,,2019,4,16,2019,4,17,50,,,,,,,,,,,83.9041700601057,"[{""adm1_code"":1491,""adm1_name"":""Gujarat""},{""adm1_code"":1498,""adm1_name"":""Maharashtra""},{""adm1_code"":1506,""adm1_name"":""Rajasthan""},{""adm1_code"":70079,""adm1_name"":""Madhya Pradesh""}]",2019-04-18,2023-09-25
2019-0155-PAK,No,nat-met-sto-sto,Natural,Meteorological,Storm,Storm (General),,,PAK,Pakistan,Southern Asia,Asia,"Federally Administered Tribal Areas (FATA), Balochistan and Punjab",,,No,No,No,,,Kph,,,,2019,4,15,2019,4,18,39,135,,,135,,,,,,,83.9041700601057,"[{""adm1_code"":2272,""adm1_name"":""Balochistan""},{""adm1_code"":2273,""adm1_name"":""Federally Administered Tribal Areas""},{""adm1_code"":2276,""adm1_name"":""Punjab""}]",2019-04-18,2023-09-25
2019-0164-BGD,No,nat-met-sto-tro,Natural,Meteorological,Storm,Tropical cyclone,GLIDE:ST-2019-000134,Cyclone 'Fani',BGD,Bangladesh,Southern Asia,Asia,"Barguna, Kishoreganj,Noakhali, Laxmipur, Feni, Chandpur, Bhola, Patuakhali, Barishal, Pirozpur, Jhalokathi, Bagherhat, Khulna, Satkhira districts",,,No,No,No,,200,Kph,,,,2019,5,4,2019,5,4,39,45,,10000,10045,,,,,,,83.9041700601057,"[{""adm2_code"":5761,""adm2_name"":""Barguna""},{""adm2_code"":5762,""adm2_name"":""Barisal""},{""adm2_code"":5763,""adm2_name"":""Bhola""},{""adm2_code"":5764,""adm2_name"":""Jhalokati""},{""adm2_code"":5765,""adm2_name"":""Patuakhali""},{""adm2_code"":5766,""adm2_name"":""Pirojpur""},{""adm2_code"":5769,""adm2_name"":""Chandpur""},{""adm2_code"":5773,""adm2_name"":""Feni""},{""adm2_code"":5775,""adm2_name"":""Lakshmipur""},{""adm2_code"":5776,""adm2_name"":""Noakhali""},{""adm2_code"":5783,""adm2_name"":""Kishoreganj""},{""adm2_code"":5795,""adm2_name"":""Bagerhat""},{""adm2_code"":5799,""adm2_name"":""Khulna""},{""adm2_code"":5804,""adm2_name"":""Satkhira""}]",2019-05-06,2023-09-25
2019-0164-IND,No,nat-met-sto-tro,Natural,Meteorological,Storm,Tropical cyclone,GLIDE:ST-2019-000134,Cyclone 'Fani',IND,India,Southern Asia,Asia,Odisha province,,,No,No,No,,,Kph,,,,2019,5,3,2019,5,3,50,,20000000,,20000000,,,,,1810000,2157223,83.9041700601057,"[{""adm1_code"":1504,""adm1_name"":""Orissa""}]",2019-05-06,2023-09-25
2019-0311-IND,No,nat-met-sto-lig,Natural,Meteorological,Storm,Lightning/Thunderstorms,,,IND,India,Southern Asia,Asia,"Odisha, Hyderabad",,,No,No,No,,,Kph,,,,2019,6,1,2019,6,3,10,,,,,,,,,,,83.9041700601057,"[{""adm1_code"":1504,""adm1_name"":""Orissa""},{""adm2_code"":17553,""adm2_name"":""Hyderabad""}]",2019-07-10,2023-09-25
2019-0321-IND,No,nat-met-sto-lig,Natural,Meteorological,Storm,Lightning/Thunderstorms,,,IND,India,Southern Asia,Asia,"Uttar Pradesh, Maharashtra, and Bihar",,Flood|Hail,No,No,No,,,Kph,,,,2019,6,6,2019,6,14,50,,,,,,,,,,,83.9041700601057,"[{""adm1_code"":1498,""adm1_name"":""Maharashtra""},{""adm1_code"":70073,""adm1_name"":""Bihar""},{""adm1_code"":70081,""adm1_name"":""Uttar Pradesh""}]",2019-07-12,2023-09-25
2019-0550-BGD,No,nat-met-sto-tro,Natural,Meteorological,Storm,Tropical cyclone,GLIDE:TC-2019-000147,Tropical cyclone 'Bulbul',BGD,Bangladesh,Southern Asia,Asia,"Satkhira, Khulna, Bhola, Bagerhat,Patuakhlai, Barguna, Pirojpur districts",,,No,No,No,,130,Kph,,,,2019,11,9,2019,11,10,40,71,251435,,251506,,,,,5785,6895,83.9041700601057,"[{""adm2_code"":5761,""adm2_name"":""Barguna""},{""adm2_code"":5763,""adm2_name"":""Bhola""},{""adm2_code"":5765,""adm2_name"":""Patuakhali""},{""adm2_code"":5766,""adm2_name"":""Pirojpur""},{""adm2_code"":5795,""adm2_name"":""Bagerhat""},{""adm2_code"":5799,""adm2_name"":""Khulna""},{""adm2_code"":5804,""adm2_name"":""Satkhira""}]",2019-11-19,2023-09-25
2019-0550-IND,No,nat-met-sto-tro,Natural,Meteorological,Storm,Tropical cyclone,GLIDE:TC-2019-000147,Tropical cyclone 'Bulbul',IND,India,Southern Asia,Asia,"South Assam, Meghalaya, Tripura, Mizoram, West Begal, Odisha state",,,No,No,No,,,Kph,,,,2019,11,9,2019,11,10,12,,130000,,130000,,,,,,,83.9041700601057,"[{""adm1_code"":1487,""adm1_name"":""Assam""},{""adm1_code"":1501,""adm1_name"":""Meghalaya""},{""adm1_code"":1502,""adm1_name"":""Mizoram""},{""adm1_code"":1504,""adm1_name"":""Orissa""},{""adm1_code"":1509,""adm1_name"":""Tripura""},{""adm1_code"":1511,""adm1_name"":""West Bengal""}]",2019-11-19,2023-09-25
2020-0009-AFG,No,nat-met-sto-bli,Natural,Meteorological,Storm,Blizzard/Winter storm,GLIDE:CW-2020-000008,,AFG,Afghanistan,Southern Asia,Asia,"Helmand, Kandahar, Zabul, Uruzgan, Laghman, Herat, Badghis, Ghor, Daykundi, Bamyan, Baghlan provinces",,Cold wave|Snow/ice,No,No,No,,,Kph,,,,2020,1,12,2020,1,15,13,40,7441,,7481,,,,,,,84.9391981293886,"[{""adm1_code"":273,""adm1_name"":""Badghis""},{""adm1_code"":274,""adm1_name"":""Baghlan""},{""adm1_code"":276,""adm1_name"":""Bamyan""},{""adm1_code"":280,""adm1_name"":""Ghor""},{""adm1_code"":281,""adm1_name"":""Hilmand""},{""adm1_code"":282,""adm1_name"":""Hirat""},{""adm1_code"":285,""adm1_name"":""Kandahar""},{""adm1_code"":290,""adm1_name"":""Laghman""},{""adm1_code"":303,""adm1_name"":""Zabul""},{""adm1_code"":99878,""adm1_name"":""Daykundi""},{""adm1_code"":99881,""adm1_name"":""Uruzgan""}]",2020-01-13,2023-09-25
2020-0010-PAK,No,nat-met-sto-bli,Natural,Meteorological,Storm,Blizzard/Winter storm,GLIDE:CW-2020-000003|GLIDE:CW-2020-000027,,PAK,Pakistan,Southern Asia,Asia,"Mastung, Qila Abdullah, Kech, Ziarat, Harnai, and Pishin districts (Balochistan); Rajanpur District (Punjab Province); Azad Jammu and Kashmir, Khyber Pakhtunkhwa, Gilgit-Baltistan",,"Slide (land, mud, snow, rock)|Snow/ice",No,No,Yes,,,Kph,,,,2020,1,11,2020,1,13,107,104,1000000,,1000104,,,,,,,84.9391981293886,"[{""adm1_code"":2273,""adm1_name"":""Federally Administered Tribal Areas""},{""adm1_code"":2275,""adm1_name"":""North-West Frontier""},{""adm1_code"":40408,""adm1_name"":""Administrative unit not available""},{""adm1_code"":40409,""adm1_name"":""Administrative unit not available""},{""adm2_code"":40298,""adm2_name"":""Kech District""},{""adm2_code"":40301,""adm2_name"":""Killa Abdullah District""},{""adm2_code"":40306,""adm2_name"":""Mastung District""},{""adm2_code"":40310,""adm2_name"":""Pishin District""},{""adm2_code"":40312,""adm2_name"":""Sibi District""},{""adm2_code"":40314,""adm2_name"":""Ziarat District""},{""adm2_code"":23673,""adm2_name"":""Rajanpur District""}]",2020-01-13,2023-09-25
2020-0057-IND,No,nat-met-sto-bli,Natural,Meteorological,Storm,Blizzard/Winter storm,,,IND,India,Southern Asia,Asia,Jammu & Kashmir state,,"Avalanche (Snow, Debris)",No,No,No,,,Kph,,,,2020,1,11,2020,1,14,11,,,,,,,,,,,84.9391981293886,"[{""adm1_code"":40408,""adm1_name"":""Administrative unit not available""},{""adm1_code"":40409,""adm1_name"":""Administrative unit not available""},{""adm1_code"":40422,""adm1_name"":""Administrative unit not available""},{""adm1_code"":40423,""adm1_name"":""Administrative unit not available""},{""adm1_code"":40424,""adm1_name"":""Administrative unit not available""},{""adm1_code"":40425,""adm1_name"":""Administrative unit not available""},{""adm1_code"":40426,""adm1_name"":""Administrative unit not available""},{""adm1_code"":40427,""adm1_name"":""Administrative unit not available""},{""adm1_code"":40428,""adm1_name"":""Administrative unit not available""},{""adm1_code"":40429,""adm1_name"":""Administrative unit not available""},{""adm1_code"":40430,""adm1_name"":""Administrative unit not available""},{""adm1_code"":40431,""adm1_name"":""Administrative unit not available""}]",2020-02-12,2023-09-25
2020-0211-BGD,No,nat-met-sto-tro,Natural,Meteorological,Storm,Tropical cyclone,GLIDE:TC-2020-000137,Cyclone 'Amphan',BGD,Bangladesh,Southern Asia,Asia,"Cox's Bazar; Satkhira, Jashore, Khulna, Barguna, Bagerhat, Patuakhali, Bhola, Pirojpur districts",,,No,No,No,,,Kph,,,,2020,5,20,2020,5,20,26,,2600000,,2600000,,,,,1500000,1765969,84.9391981293886,"[{""adm2_code"":5761,""adm2_name"":""Barguna""},{""adm2_code"":5763,""adm2_name"":""Bhola""},{""adm2_code"":5765,""adm2_name"":""Patuakhali""},{""adm2_code"":5766,""adm2_name"":""Pirojpur""},{""adm2_code"":5772,""adm2_name"":""Cox's Bazar""},{""adm2_code"":5795,""adm2_name"":""Bagerhat""},{""adm2_code"":5797,""adm2_name"":""Jessore""},{""adm2_code"":5799,""adm2_name"":""Khulna""},{""adm2_code"":5804,""adm2_name"":""Satkhira""}]",2020-05-27,2024-04-18
2020-0211-IND,No,nat-met-sto-tro,Natural,Meteorological,Storm,Tropical cyclone,GLIDE:TC-2020-000137,Cyclone 'Amphan',IND,India,Southern Asia,Asia,"Balasore (Baleshwar) , Bhadrak, Kendrapada and Jagatsinghpur (Odisha); East Midunapur, West Midhunapur, North24 Parganas, South24 Parganas, Nadia, Howrah, Kolkata and Hoogli (West Bengal)",,,No,No,No,,185,Kph,,,,2020,5,20,2020,5,20,90,,18000000,,18000000,,,,,13500000,15893722,84.9391981293886,"[{""adm2_code"":70207,""adm2_name"":""Baleshwar""},{""adm2_code"":70209,""adm2_name"":""Bhadrak""},{""adm2_code"":70214,""adm2_name"":""Jagatsinghpur""},{""adm2_code"":70218,""adm2_name"":""Kendrapara""},{""adm2_code"":17949,""adm2_name"":""Haora""},{""adm2_code"":17950,""adm2_name"":""Hugli""},{""adm2_code"":17956,""adm2_name"":""Nadia""},{""adm2_code"":70291,""adm2_name"":""East Midnapore""},{""adm2_code"":70292,""adm2_name"":""Kolkata""},{""adm2_code"":70293,""adm2_name"":""North 24 Parganas""},{""adm2_code"":70294,""adm2_name"":""South 24 Parganas""},{""adm2_code"":70296,""adm2_name"":""West Midnapore""}]",2020-05-27,2023-09-25
2020-0211-LKA,No,nat-met-sto-tro,Natural,Meteorological,Storm,Tropical cyclone,GLIDE:TC-2020-000137,Cyclone 'Amphan',LKA,Sri Lanka,Southern Asia,Asia,"Ratnapura district, Kegalle, Kottampitiya (Kegalle), Pelmadulla (Ratnapura), Polonnaruwa",,,No,No,No,,,Kph,,,,2020,5,17,2020,5,20,4,,1100,,1100,,,,,,,84.9391981293886,"[{""adm2_code"":25836,""adm2_name"":""Polonnaruwa""},{""adm2_code"":25844,""adm2_name"":""Kegalle""},{""adm2_code"":25845,""adm2_name"":""Ratnapura""}]",2020-06-11,2023-09-25
2020-0217-IND,No,nat-met-sto-tro,Natural,Meteorological,Storm,Tropical cyclone,,Cyclone 'Nisarga',IND,India,Southern Asia,Asia,"Raigad, Pune Districts (Maharashtra State)",,,No,No,No,,120,Kph,,,,2020,6,3,2020,6,3,6,,7500,,7500,,,,,820000,965396,84.9391981293886,"[{""adm2_code"":17776,""adm2_name"":""Pune""},{""adm2_code"":17777,""adm2_name"":""Raigarh""}]",2020-06-05,2024-04-18
2020-0524-IND,No,nat-met-sto-tro,Natural,Meteorological,Storm,Tropical cyclone,,Cyclone Nivar,IND,India,Southern Asia,Asia,Tamil Nadu and Puducherry,,Flood,No,No,No,,,Kph,,,,2020,11,25,2020,11,26,14,,,,,,,,,600000,706388,84.9391981293886,"[{""adm1_code"":1508,""adm1_name"":""Tamil Nadu""},{""adm1_code"":70080,""adm1_name"":""Puducherry""}]",2020-12-01,2023-09-25
